DateKey,Date,FY,Month,Full Date
20170701,01/07/2017,FY2018,2017 Jul,"2017 Jul, 01"
20170702,02/07/2017,FY2018,2017 Jul,"2017 Jul, 02"
20170703,03/07/2017,FY2018,2017 Jul,"2017 Jul, 03"
20170704,04/07/2017,FY2018,2017 Jul,"2017 Jul, 04"
20170705,05/07/2017,FY2018,2017 Jul,"2017 Jul, 05"
20170706,06/07/2017,FY2018,2017 Jul,"2017 Jul, 06"
20170707,07/07/2017,FY2018,2017 Jul,"2017 Jul, 07"
20170708,08/07/2017,FY2018,2017 Jul,"2017 Jul, 08"
20170709,09/07/2017,FY2018,2017 Jul,"2017 Jul, 09"
20170710,10/07/2017,FY2018,2017 Jul,"2017 Jul, 10"
20170711,11/07/2017,FY2018,2017 Jul,"2017 Jul, 11"
20170712,12/07/2017,FY2018,2017 Jul,"2017 Jul, 12"
20170713,13/07/2017,FY2018,2017 Jul,"2017 Jul, 13"
20170714,14/07/2017,FY2018,2017 Jul,"2017 Jul, 14"
20170715,15/07/2017,FY2018,2017 Jul,"2017 Jul, 15"
20170716,16/07/2017,FY2018,2017 Jul,"2017 Jul, 16"
20170717,17/07/2017,FY2018,2017 Jul,"2017 Jul, 17"
20170718,18/07/2017,FY2018,2017 Jul,"2017 Jul, 18"
20170719,19/07/2017,FY2018,2017 Jul,"2017 Jul, 19"
20170720,20/07/2017,FY2018,2017 Jul,"2017 Jul, 20"
20170721,21/07/2017,FY2018,2017 Jul,"2017 Jul, 21"
20170722,22/07/2017,FY2018,2017 Jul,"2017 Jul, 22"
20170723,23/07/2017,FY2018,2017 Jul,"2017 Jul, 23"
20170724,24/07/2017,FY2018,2017 Jul,"2017 Jul, 24"
20170725,25/07/2017,FY2018,2017 Jul,"2017 Jul, 25"
20170726,26/07/2017,FY2018,2017 Jul,"2017 Jul, 26"
20170727,27/07/2017,FY2018,2017 Jul,"2017 Jul, 27"
20170728,28/07/2017,FY2018,2017 Jul,"2017 Jul, 28"
20170729,29/07/2017,FY2018,2017 Jul,"2017 Jul, 29"
20170730,30/07/2017,FY2018,2017 Jul,"2017 Jul, 30"
20170731,31/07/2017,FY2018,2017 Jul,"2017 Jul, 31"
20170801,01/08/2017,FY2018,2017 Aug,"2017 Aug, 01"
20170802,02/08/2017,FY2018,2017 Aug,"2017 Aug, 02"
20170803,03/08/2017,FY2018,2017 Aug,"2017 Aug, 03"
20170804,04/08/2017,FY2018,2017 Aug,"2017 Aug, 04"
20170805,05/08/2017,FY2018,2017 Aug,"2017 Aug, 05"
20170806,06/08/2017,FY2018,2017 Aug,"2017 Aug, 06"
20170807,07/08/2017,FY2018,2017 Aug,"2017 Aug, 07"
20170808,08/08/2017,FY2018,2017 Aug,"2017 Aug, 08"
20170809,09/08/2017,FY2018,2017 Aug,"2017 Aug, 09"
20170810,10/08/2017,FY2018,2017 Aug,"2017 Aug, 10"
20170811,11/08/2017,FY2018,2017 Aug,"2017 Aug, 11"
20170812,12/08/2017,FY2018,2017 Aug,"2017 Aug, 12"
20170813,13/08/2017,FY2018,2017 Aug,"2017 Aug, 13"
20170814,14/08/2017,FY2018,2017 Aug,"2017 Aug, 14"
20170815,15/08/2017,FY2018,2017 Aug,"2017 Aug, 15"
20170816,16/08/2017,FY2018,2017 Aug,"2017 Aug, 16"
20170817,17/08/2017,FY2018,2017 Aug,"2017 Aug, 17"
20170818,18/08/2017,FY2018,2017 Aug,"2017 Aug, 18"
20170819,19/08/2017,FY2018,2017 Aug,"2017 Aug, 19"
20170820,20/08/2017,FY2018,2017 Aug,"2017 Aug, 20"
20170821,21/08/2017,FY2018,2017 Aug,"2017 Aug, 21"
20170822,22/08/2017,FY2018,2017 Aug,"2017 Aug, 22"
20170823,23/08/2017,FY2018,2017 Aug,"2017 Aug, 23"
20170824,24/08/2017,FY2018,2017 Aug,"2017 Aug, 24"
20170825,25/08/2017,FY2018,2017 Aug,"2017 Aug, 25"
20170826,26/08/2017,FY2018,2017 Aug,"2017 Aug, 26"
20170827,27/08/2017,FY2018,2017 Aug,"2017 Aug, 27"
20170828,28/08/2017,FY2018,2017 Aug,"2017 Aug, 28"
20170829,29/08/2017,FY2018,2017 Aug,"2017 Aug, 29"
20170830,30/08/2017,FY2018,2017 Aug,"2017 Aug, 30"
20170831,31/08/2017,FY2018,2017 Aug,"2017 Aug, 31"
20170901,01/09/2017,FY2018,2017 Sep,"2017 Sep, 01"
20170902,02/09/2017,FY2018,2017 Sep,"2017 Sep, 02"
20170903,03/09/2017,FY2018,2017 Sep,"2017 Sep, 03"
20170904,04/09/2017,FY2018,2017 Sep,"2017 Sep, 04"
20170905,05/09/2017,FY2018,2017 Sep,"2017 Sep, 05"
20170906,06/09/2017,FY2018,2017 Sep,"2017 Sep, 06"
20170907,07/09/2017,FY2018,2017 Sep,"2017 Sep, 07"
20170908,08/09/2017,FY2018,2017 Sep,"2017 Sep, 08"
20170909,09/09/2017,FY2018,2017 Sep,"2017 Sep, 09"
20170910,10/09/2017,FY2018,2017 Sep,"2017 Sep, 10"
20170911,11/09/2017,FY2018,2017 Sep,"2017 Sep, 11"
20170912,12/09/2017,FY2018,2017 Sep,"2017 Sep, 12"
20170913,13/09/2017,FY2018,2017 Sep,"2017 Sep, 13"
20170914,14/09/2017,FY2018,2017 Sep,"2017 Sep, 14"
20170915,15/09/2017,FY2018,2017 Sep,"2017 Sep, 15"
20170916,16/09/2017,FY2018,2017 Sep,"2017 Sep, 16"
20170917,17/09/2017,FY2018,2017 Sep,"2017 Sep, 17"
20170918,18/09/2017,FY2018,2017 Sep,"2017 Sep, 18"
20170919,19/09/2017,FY2018,2017 Sep,"2017 Sep, 19"
20170920,20/09/2017,FY2018,2017 Sep,"2017 Sep, 20"
20170921,21/09/2017,FY2018,2017 Sep,"2017 Sep, 21"
20170922,22/09/2017,FY2018,2017 Sep,"2017 Sep, 22"
20170923,23/09/2017,FY2018,2017 Sep,"2017 Sep, 23"
20170924,24/09/2017,FY2018,2017 Sep,"2017 Sep, 24"
20170925,25/09/2017,FY2018,2017 Sep,"2017 Sep, 25"
20170926,26/09/2017,FY2018,2017 Sep,"2017 Sep, 26"
20170927,27/09/2017,FY2018,2017 Sep,"2017 Sep, 27"
20170928,28/09/2017,FY2018,2017 Sep,"2017 Sep, 28"
20170929,29/09/2017,FY2018,2017 Sep,"2017 Sep, 29"
20170930,30/09/2017,FY2018,2017 Sep,"2017 Sep, 30"
20171001,01/10/2017,FY2018,2017 Oct,"2017 Oct, 01"
20171002,02/10/2017,FY2018,2017 Oct,"2017 Oct, 02"
20171003,03/10/2017,FY2018,2017 Oct,"2017 Oct, 03"
20171004,04/10/2017,FY2018,2017 Oct,"2017 Oct, 04"
20171005,05/10/2017,FY2018,2017 Oct,"2017 Oct, 05"
20171006,06/10/2017,FY2018,2017 Oct,"2017 Oct, 06"
20171007,07/10/2017,FY2018,2017 Oct,"2017 Oct, 07"
20171008,08/10/2017,FY2018,2017 Oct,"2017 Oct, 08"
20171009,09/10/2017,FY2018,2017 Oct,"2017 Oct, 09"
20171010,10/10/2017,FY2018,2017 Oct,"2017 Oct, 10"
20171011,11/10/2017,FY2018,2017 Oct,"2017 Oct, 11"
20171012,12/10/2017,FY2018,2017 Oct,"2017 Oct, 12"
20171013,13/10/2017,FY2018,2017 Oct,"2017 Oct, 13"
20171014,14/10/2017,FY2018,2017 Oct,"2017 Oct, 14"
20171015,15/10/2017,FY2018,2017 Oct,"2017 Oct, 15"
20171016,16/10/2017,FY2018,2017 Oct,"2017 Oct, 16"
20171017,17/10/2017,FY2018,2017 Oct,"2017 Oct, 17"
20171018,18/10/2017,FY2018,2017 Oct,"2017 Oct, 18"
20171019,19/10/2017,FY2018,2017 Oct,"2017 Oct, 19"
20171020,20/10/2017,FY2018,2017 Oct,"2017 Oct, 20"
20171021,21/10/2017,FY2018,2017 Oct,"2017 Oct, 21"
20171022,22/10/2017,FY2018,2017 Oct,"2017 Oct, 22"
20171023,23/10/2017,FY2018,2017 Oct,"2017 Oct, 23"
20171024,24/10/2017,FY2018,2017 Oct,"2017 Oct, 24"
20171025,25/10/2017,FY2018,2017 Oct,"2017 Oct, 25"
20171026,26/10/2017,FY2018,2017 Oct,"2017 Oct, 26"
20171027,27/10/2017,FY2018,2017 Oct,"2017 Oct, 27"
20171028,28/10/2017,FY2018,2017 Oct,"2017 Oct, 28"
20171029,29/10/2017,FY2018,2017 Oct,"2017 Oct, 29"
20171030,30/10/2017,FY2018,2017 Oct,"2017 Oct, 30"
20171031,31/10/2017,FY2018,2017 Oct,"2017 Oct, 31"
20171101,01/11/2017,FY2018,2017 Nov,"2017 Nov, 01"
20171102,02/11/2017,FY2018,2017 Nov,"2017 Nov, 02"
20171103,03/11/2017,FY2018,2017 Nov,"2017 Nov, 03"
20171104,04/11/2017,FY2018,2017 Nov,"2017 Nov, 04"
20171105,05/11/2017,FY2018,2017 Nov,"2017 Nov, 05"
20171106,06/11/2017,FY2018,2017 Nov,"2017 Nov, 06"
20171107,07/11/2017,FY2018,2017 Nov,"2017 Nov, 07"
20171108,08/11/2017,FY2018,2017 Nov,"2017 Nov, 08"
20171109,09/11/2017,FY2018,2017 Nov,"2017 Nov, 09"
20171110,10/11/2017,FY2018,2017 Nov,"2017 Nov, 10"
20171111,11/11/2017,FY2018,2017 Nov,"2017 Nov, 11"
20171112,12/11/2017,FY2018,2017 Nov,"2017 Nov, 12"
20171113,13/11/2017,FY2018,2017 Nov,"2017 Nov, 13"
20171114,14/11/2017,FY2018,2017 Nov,"2017 Nov, 14"
20171115,15/11/2017,FY2018,2017 Nov,"2017 Nov, 15"
20171116,16/11/2017,FY2018,2017 Nov,"2017 Nov, 16"
20171117,17/11/2017,FY2018,2017 Nov,"2017 Nov, 17"
20171118,18/11/2017,FY2018,2017 Nov,"2017 Nov, 18"
20171119,19/11/2017,FY2018,2017 Nov,"2017 Nov, 19"
20171120,20/11/2017,FY2018,2017 Nov,"2017 Nov, 20"
20171121,21/11/2017,FY2018,2017 Nov,"2017 Nov, 21"
20171122,22/11/2017,FY2018,2017 Nov,"2017 Nov, 22"
20171123,23/11/2017,FY2018,2017 Nov,"2017 Nov, 23"
20171124,24/11/2017,FY2018,2017 Nov,"2017 Nov, 24"
20171125,25/11/2017,FY2018,2017 Nov,"2017 Nov, 25"
20171126,26/11/2017,FY2018,2017 Nov,"2017 Nov, 26"
20171127,27/11/2017,FY2018,2017 Nov,"2017 Nov, 27"
20171128,28/11/2017,FY2018,2017 Nov,"2017 Nov, 28"
20171129,29/11/2017,FY2018,2017 Nov,"2017 Nov, 29"
20171130,30/11/2017,FY2018,2017 Nov,"2017 Nov, 30"
20171201,01/12/2017,FY2018,2017 Dec,"2017 Dec, 01"
20171202,02/12/2017,FY2018,2017 Dec,"2017 Dec, 02"
20171203,03/12/2017,FY2018,2017 Dec,"2017 Dec, 03"
20171204,04/12/2017,FY2018,2017 Dec,"2017 Dec, 04"
20171205,05/12/2017,FY2018,2017 Dec,"2017 Dec, 05"
20171206,06/12/2017,FY2018,2017 Dec,"2017 Dec, 06"
20171207,07/12/2017,FY2018,2017 Dec,"2017 Dec, 07"
20171208,08/12/2017,FY2018,2017 Dec,"2017 Dec, 08"
20171209,09/12/2017,FY2018,2017 Dec,"2017 Dec, 09"
20171210,10/12/2017,FY2018,2017 Dec,"2017 Dec, 10"
20171211,11/12/2017,FY2018,2017 Dec,"2017 Dec, 11"
20171212,12/12/2017,FY2018,2017 Dec,"2017 Dec, 12"
20171213,13/12/2017,FY2018,2017 Dec,"2017 Dec, 13"
20171214,14/12/2017,FY2018,2017 Dec,"2017 Dec, 14"
20171215,15/12/2017,FY2018,2017 Dec,"2017 Dec, 15"
20171216,16/12/2017,FY2018,2017 Dec,"2017 Dec, 16"
20171217,17/12/2017,FY2018,2017 Dec,"2017 Dec, 17"
20171218,18/12/2017,FY2018,2017 Dec,"2017 Dec, 18"
20171219,19/12/2017,FY2018,2017 Dec,"2017 Dec, 19"
20171220,20/12/2017,FY2018,2017 Dec,"2017 Dec, 20"
20171221,21/12/2017,FY2018,2017 Dec,"2017 Dec, 21"
20171222,22/12/2017,FY2018,2017 Dec,"2017 Dec, 22"
20171223,23/12/2017,FY2018,2017 Dec,"2017 Dec, 23"
20171224,24/12/2017,FY2018,2017 Dec,"2017 Dec, 24"
20171225,25/12/2017,FY2018,2017 Dec,"2017 Dec, 25"
20171226,26/12/2017,FY2018,2017 Dec,"2017 Dec, 26"
20171227,27/12/2017,FY2018,2017 Dec,"2017 Dec, 27"
20171228,28/12/2017,FY2018,2017 Dec,"2017 Dec, 28"
20171229,29/12/2017,FY2018,2017 Dec,"2017 Dec, 29"
20171230,30/12/2017,FY2018,2017 Dec,"2017 Dec, 30"
20171231,31/12/2017,FY2018,2017 Dec,"2017 Dec, 31"
20180101,01/01/2018,FY2018,2018 Jan,"2018 Jan, 01"
20180102,02/01/2018,FY2018,2018 Jan,"2018 Jan, 02"
20180103,03/01/2018,FY2018,2018 Jan,"2018 Jan, 03"
20180104,04/01/2018,FY2018,2018 Jan,"2018 Jan, 04"
20180105,05/01/2018,FY2018,2018 Jan,"2018 Jan, 05"
20180106,06/01/2018,FY2018,2018 Jan,"2018 Jan, 06"
20180107,07/01/2018,FY2018,2018 Jan,"2018 Jan, 07"
20180108,08/01/2018,FY2018,2018 Jan,"2018 Jan, 08"
20180109,09/01/2018,FY2018,2018 Jan,"2018 Jan, 09"
20180110,10/01/2018,FY2018,2018 Jan,"2018 Jan, 10"
20180111,11/01/2018,FY2018,2018 Jan,"2018 Jan, 11"
20180112,12/01/2018,FY2018,2018 Jan,"2018 Jan, 12"
20180113,13/01/2018,FY2018,2018 Jan,"2018 Jan, 13"
20180114,14/01/2018,FY2018,2018 Jan,"2018 Jan, 14"
20180115,15/01/2018,FY2018,2018 Jan,"2018 Jan, 15"
20180116,16/01/2018,FY2018,2018 Jan,"2018 Jan, 16"
20180117,17/01/2018,FY2018,2018 Jan,"2018 Jan, 17"
20180118,18/01/2018,FY2018,2018 Jan,"2018 Jan, 18"
20180119,19/01/2018,FY2018,2018 Jan,"2018 Jan, 19"
20180120,20/01/2018,FY2018,2018 Jan,"2018 Jan, 20"
20180121,21/01/2018,FY2018,2018 Jan,"2018 Jan, 21"
20180122,22/01/2018,FY2018,2018 Jan,"2018 Jan, 22"
20180123,23/01/2018,FY2018,2018 Jan,"2018 Jan, 23"
20180124,24/01/2018,FY2018,2018 Jan,"2018 Jan, 24"
20180125,25/01/2018,FY2018,2018 Jan,"2018 Jan, 25"
20180126,26/01/2018,FY2018,2018 Jan,"2018 Jan, 26"
20180127,27/01/2018,FY2018,2018 Jan,"2018 Jan, 27"
20180128,28/01/2018,FY2018,2018 Jan,"2018 Jan, 28"
20180129,29/01/2018,FY2018,2018 Jan,"2018 Jan, 29"
20180130,30/01/2018,FY2018,2018 Jan,"2018 Jan, 30"
20180131,31/01/2018,FY2018,2018 Jan,"2018 Jan, 31"
20180201,01/02/2018,FY2018,2018 Feb,"2018 Feb, 01"
20180202,02/02/2018,FY2018,2018 Feb,"2018 Feb, 02"
20180203,03/02/2018,FY2018,2018 Feb,"2018 Feb, 03"
20180204,04/02/2018,FY2018,2018 Feb,"2018 Feb, 04"
20180205,05/02/2018,FY2018,2018 Feb,"2018 Feb, 05"
20180206,06/02/2018,FY2018,2018 Feb,"2018 Feb, 06"
20180207,07/02/2018,FY2018,2018 Feb,"2018 Feb, 07"
20180208,08/02/2018,FY2018,2018 Feb,"2018 Feb, 08"
20180209,09/02/2018,FY2018,2018 Feb,"2018 Feb, 09"
20180210,10/02/2018,FY2018,2018 Feb,"2018 Feb, 10"
20180211,11/02/2018,FY2018,2018 Feb,"2018 Feb, 11"
20180212,12/02/2018,FY2018,2018 Feb,"2018 Feb, 12"
20180213,13/02/2018,FY2018,2018 Feb,"2018 Feb, 13"
20180214,14/02/2018,FY2018,2018 Feb,"2018 Feb, 14"
20180215,15/02/2018,FY2018,2018 Feb,"2018 Feb, 15"
20180216,16/02/2018,FY2018,2018 Feb,"2018 Feb, 16"
20180217,17/02/2018,FY2018,2018 Feb,"2018 Feb, 17"
20180218,18/02/2018,FY2018,2018 Feb,"2018 Feb, 18"
20180219,19/02/2018,FY2018,2018 Feb,"2018 Feb, 19"
20180220,20/02/2018,FY2018,2018 Feb,"2018 Feb, 20"
20180221,21/02/2018,FY2018,2018 Feb,"2018 Feb, 21"
20180222,22/02/2018,FY2018,2018 Feb,"2018 Feb, 22"
20180223,23/02/2018,FY2018,2018 Feb,"2018 Feb, 23"
20180224,24/02/2018,FY2018,2018 Feb,"2018 Feb, 24"
20180225,25/02/2018,FY2018,2018 Feb,"2018 Feb, 25"
20180226,26/02/2018,FY2018,2018 Feb,"2018 Feb, 26"
20180227,27/02/2018,FY2018,2018 Feb,"2018 Feb, 27"
20180228,28/02/2018,FY2018,2018 Feb,"2018 Feb, 28"
20180301,01/03/2018,FY2018,2018 Mar,"2018 Mar, 01"
20180302,02/03/2018,FY2018,2018 Mar,"2018 Mar, 02"
20180303,03/03/2018,FY2018,2018 Mar,"2018 Mar, 03"
20180304,04/03/2018,FY2018,2018 Mar,"2018 Mar, 04"
20180305,05/03/2018,FY2018,2018 Mar,"2018 Mar, 05"
20180306,06/03/2018,FY2018,2018 Mar,"2018 Mar, 06"
20180307,07/03/2018,FY2018,2018 Mar,"2018 Mar, 07"
20180308,08/03/2018,FY2018,2018 Mar,"2018 Mar, 08"
20180309,09/03/2018,FY2018,2018 Mar,"2018 Mar, 09"
20180310,10/03/2018,FY2018,2018 Mar,"2018 Mar, 10"
20180311,11/03/2018,FY2018,2018 Mar,"2018 Mar, 11"
20180312,12/03/2018,FY2018,2018 Mar,"2018 Mar, 12"
20180313,13/03/2018,FY2018,2018 Mar,"2018 Mar, 13"
20180314,14/03/2018,FY2018,2018 Mar,"2018 Mar, 14"
20180315,15/03/2018,FY2018,2018 Mar,"2018 Mar, 15"
20180316,16/03/2018,FY2018,2018 Mar,"2018 Mar, 16"
20180317,17/03/2018,FY2018,2018 Mar,"2018 Mar, 17"
20180318,18/03/2018,FY2018,2018 Mar,"2018 Mar, 18"
20180319,19/03/2018,FY2018,2018 Mar,"2018 Mar, 19"
20180320,20/03/2018,FY2018,2018 Mar,"2018 Mar, 20"
20180321,21/03/2018,FY2018,2018 Mar,"2018 Mar, 21"
20180322,22/03/2018,FY2018,2018 Mar,"2018 Mar, 22"
20180323,23/03/2018,FY2018,2018 Mar,"2018 Mar, 23"
20180324,24/03/2018,FY2018,2018 Mar,"2018 Mar, 24"
20180325,25/03/2018,FY2018,2018 Mar,"2018 Mar, 25"
20180326,26/03/2018,FY2018,2018 Mar,"2018 Mar, 26"
20180327,27/03/2018,FY2018,2018 Mar,"2018 Mar, 27"
20180328,28/03/2018,FY2018,2018 Mar,"2018 Mar, 28"
20180329,29/03/2018,FY2018,2018 Mar,"2018 Mar, 29"
20180330,30/03/2018,FY2018,2018 Mar,"2018 Mar, 30"
20180331,31/03/2018,FY2018,2018 Mar,"2018 Mar, 31"
20180401,01/04/2018,FY2018,2018 Apr,"2018 Apr, 01"
20180402,02/04/2018,FY2018,2018 Apr,"2018 Apr, 02"
20180403,03/04/2018,FY2018,2018 Apr,"2018 Apr, 03"
20180404,04/04/2018,FY2018,2018 Apr,"2018 Apr, 04"
20180405,05/04/2018,FY2018,2018 Apr,"2018 Apr, 05"
20180406,06/04/2018,FY2018,2018 Apr,"2018 Apr, 06"
20180407,07/04/2018,FY2018,2018 Apr,"2018 Apr, 07"
20180408,08/04/2018,FY2018,2018 Apr,"2018 Apr, 08"
20180409,09/04/2018,FY2018,2018 Apr,"2018 Apr, 09"
20180410,10/04/2018,FY2018,2018 Apr,"2018 Apr, 10"
20180411,11/04/2018,FY2018,2018 Apr,"2018 Apr, 11"
20180412,12/04/2018,FY2018,2018 Apr,"2018 Apr, 12"
20180413,13/04/2018,FY2018,2018 Apr,"2018 Apr, 13"
20180414,14/04/2018,FY2018,2018 Apr,"2018 Apr, 14"
20180415,15/04/2018,FY2018,2018 Apr,"2018 Apr, 15"
20180416,16/04/2018,FY2018,2018 Apr,"2018 Apr, 16"
20180417,17/04/2018,FY2018,2018 Apr,"2018 Apr, 17"
20180418,18/04/2018,FY2018,2018 Apr,"2018 Apr, 18"
20180419,19/04/2018,FY2018,2018 Apr,"2018 Apr, 19"
20180420,20/04/2018,FY2018,2018 Apr,"2018 Apr, 20"
20180421,21/04/2018,FY2018,2018 Apr,"2018 Apr, 21"
20180422,22/04/2018,FY2018,2018 Apr,"2018 Apr, 22"
20180423,23/04/2018,FY2018,2018 Apr,"2018 Apr, 23"
20180424,24/04/2018,FY2018,2018 Apr,"2018 Apr, 24"
20180425,25/04/2018,FY2018,2018 Apr,"2018 Apr, 25"
20180426,26/04/2018,FY2018,2018 Apr,"2018 Apr, 26"
20180427,27/04/2018,FY2018,2018 Apr,"2018 Apr, 27"
20180428,28/04/2018,FY2018,2018 Apr,"2018 Apr, 28"
20180429,29/04/2018,FY2018,2018 Apr,"2018 Apr, 29"
20180430,30/04/2018,FY2018,2018 Apr,"2018 Apr, 30"
20180501,01/05/2018,FY2018,2018 May,"2018 May, 01"
20180502,02/05/2018,FY2018,2018 May,"2018 May, 02"
20180503,03/05/2018,FY2018,2018 May,"2018 May, 03"
20180504,04/05/2018,FY2018,2018 May,"2018 May, 04"
20180505,05/05/2018,FY2018,2018 May,"2018 May, 05"
20180506,06/05/2018,FY2018,2018 May,"2018 May, 06"
20180507,07/05/2018,FY2018,2018 May,"2018 May, 07"
20180508,08/05/2018,FY2018,2018 May,"2018 May, 08"
20180509,09/05/2018,FY2018,2018 May,"2018 May, 09"
20180510,10/05/2018,FY2018,2018 May,"2018 May, 10"
20180511,11/05/2018,FY2018,2018 May,"2018 May, 11"
20180512,12/05/2018,FY2018,2018 May,"2018 May, 12"
20180513,13/05/2018,FY2018,2018 May,"2018 May, 13"
20180514,14/05/2018,FY2018,2018 May,"2018 May, 14"
20180515,15/05/2018,FY2018,2018 May,"2018 May, 15"
20180516,16/05/2018,FY2018,2018 May,"2018 May, 16"
20180517,17/05/2018,FY2018,2018 May,"2018 May, 17"
20180518,18/05/2018,FY2018,2018 May,"2018 May, 18"
20180519,19/05/2018,FY2018,2018 May,"2018 May, 19"
20180520,20/05/2018,FY2018,2018 May,"2018 May, 20"
20180521,21/05/2018,FY2018,2018 May,"2018 May, 21"
20180522,22/05/2018,FY2018,2018 May,"2018 May, 22"
20180523,23/05/2018,FY2018,2018 May,"2018 May, 23"
20180524,24/05/2018,FY2018,2018 May,"2018 May, 24"
20180525,25/05/2018,FY2018,2018 May,"2018 May, 25"
20180526,26/05/2018,FY2018,2018 May,"2018 May, 26"
20180527,27/05/2018,FY2018,2018 May,"2018 May, 27"
20180528,28/05/2018,FY2018,2018 May,"2018 May, 28"
20180529,29/05/2018,FY2018,2018 May,"2018 May, 29"
20180530,30/05/2018,FY2018,2018 May,"2018 May, 30"
20180531,31/05/2018,FY2018,2018 May,"2018 May, 31"
20180601,01/06/2018,FY2018,2018 Jun,"2018 Jun, 01"
20180602,02/06/2018,FY2018,2018 Jun,"2018 Jun, 02"
20180603,03/06/2018,FY2018,2018 Jun,"2018 Jun, 03"
20180604,04/06/2018,FY2018,2018 Jun,"2018 Jun, 04"
20180605,05/06/2018,FY2018,2018 Jun,"2018 Jun, 05"
20180606,06/06/2018,FY2018,2018 Jun,"2018 Jun, 06"
20180607,07/06/2018,FY2018,2018 Jun,"2018 Jun, 07"
20180608,08/06/2018,FY2018,2018 Jun,"2018 Jun, 08"
20180609,09/06/2018,FY2018,2018 Jun,"2018 Jun, 09"
20180610,10/06/2018,FY2018,2018 Jun,"2018 Jun, 10"
20180611,11/06/2018,FY2018,2018 Jun,"2018 Jun, 11"
20180612,12/06/2018,FY2018,2018 Jun,"2018 Jun, 12"
20180613,13/06/2018,FY2018,2018 Jun,"2018 Jun, 13"
20180614,14/06/2018,FY2018,2018 Jun,"2018 Jun, 14"
20180615,15/06/2018,FY2018,2018 Jun,"2018 Jun, 15"
20180616,16/06/2018,FY2018,2018 Jun,"2018 Jun, 16"
20180617,17/06/2018,FY2018,2018 Jun,"2018 Jun, 17"
20180618,18/06/2018,FY2018,2018 Jun,"2018 Jun, 18"
20180619,19/06/2018,FY2018,2018 Jun,"2018 Jun, 19"
20180620,20/06/2018,FY2018,2018 Jun,"2018 Jun, 20"
20180621,21/06/2018,FY2018,2018 Jun,"2018 Jun, 21"
20180622,22/06/2018,FY2018,2018 Jun,"2018 Jun, 22"
20180623,23/06/2018,FY2018,2018 Jun,"2018 Jun, 23"
20180624,24/06/2018,FY2018,2018 Jun,"2018 Jun, 24"
20180625,25/06/2018,FY2018,2018 Jun,"2018 Jun, 25"
20180626,26/06/2018,FY2018,2018 Jun,"2018 Jun, 26"
20180627,27/06/2018,FY2018,2018 Jun,"2018 Jun, 27"
20180628,28/06/2018,FY2018,2018 Jun,"2018 Jun, 28"
20180629,29/06/2018,FY2018,2018 Jun,"2018 Jun, 29"
20180630,30/06/2018,FY2018,2018 Jun,"2018 Jun, 30"
20180701,01/07/2018,FY2019,2018 Jul,"2018 Jul, 01"
20180702,02/07/2018,FY2019,2018 Jul,"2018 Jul, 02"
20180703,03/07/2018,FY2019,2018 Jul,"2018 Jul, 03"
20180704,04/07/2018,FY2019,2018 Jul,"2018 Jul, 04"
20180705,05/07/2018,FY2019,2018 Jul,"2018 Jul, 05"
20180706,06/07/2018,FY2019,2018 Jul,"2018 Jul, 06"
20180707,07/07/2018,FY2019,2018 Jul,"2018 Jul, 07"
20180708,08/07/2018,FY2019,2018 Jul,"2018 Jul, 08"
20180709,09/07/2018,FY2019,2018 Jul,"2018 Jul, 09"
20180710,10/07/2018,FY2019,2018 Jul,"2018 Jul, 10"
20180711,11/07/2018,FY2019,2018 Jul,"2018 Jul, 11"
20180712,12/07/2018,FY2019,2018 Jul,"2018 Jul, 12"
20180713,13/07/2018,FY2019,2018 Jul,"2018 Jul, 13"
20180714,14/07/2018,FY2019,2018 Jul,"2018 Jul, 14"
20180715,15/07/2018,FY2019,2018 Jul,"2018 Jul, 15"
20180716,16/07/2018,FY2019,2018 Jul,"2018 Jul, 16"
20180717,17/07/2018,FY2019,2018 Jul,"2018 Jul, 17"
20180718,18/07/2018,FY2019,2018 Jul,"2018 Jul, 18"
20180719,19/07/2018,FY2019,2018 Jul,"2018 Jul, 19"
20180720,20/07/2018,FY2019,2018 Jul,"2018 Jul, 20"
20180721,21/07/2018,FY2019,2018 Jul,"2018 Jul, 21"
20180722,22/07/2018,FY2019,2018 Jul,"2018 Jul, 22"
20180723,23/07/2018,FY2019,2018 Jul,"2018 Jul, 23"
20180724,24/07/2018,FY2019,2018 Jul,"2018 Jul, 24"
20180725,25/07/2018,FY2019,2018 Jul,"2018 Jul, 25"
20180726,26/07/2018,FY2019,2018 Jul,"2018 Jul, 26"
20180727,27/07/2018,FY2019,2018 Jul,"2018 Jul, 27"
20180728,28/07/2018,FY2019,2018 Jul,"2018 Jul, 28"
20180729,29/07/2018,FY2019,2018 Jul,"2018 Jul, 29"
20180730,30/07/2018,FY2019,2018 Jul,"2018 Jul, 30"
20180731,31/07/2018,FY2019,2018 Jul,"2018 Jul, 31"
20180801,01/08/2018,FY2019,2018 Aug,"2018 Aug, 01"
20180802,02/08/2018,FY2019,2018 Aug,"2018 Aug, 02"
20180803,03/08/2018,FY2019,2018 Aug,"2018 Aug, 03"
20180804,04/08/2018,FY2019,2018 Aug,"2018 Aug, 04"
20180805,05/08/2018,FY2019,2018 Aug,"2018 Aug, 05"
20180806,06/08/2018,FY2019,2018 Aug,"2018 Aug, 06"
20180807,07/08/2018,FY2019,2018 Aug,"2018 Aug, 07"
20180808,08/08/2018,FY2019,2018 Aug,"2018 Aug, 08"
20180809,09/08/2018,FY2019,2018 Aug,"2018 Aug, 09"
20180810,10/08/2018,FY2019,2018 Aug,"2018 Aug, 10"
20180811,11/08/2018,FY2019,2018 Aug,"2018 Aug, 11"
20180812,12/08/2018,FY2019,2018 Aug,"2018 Aug, 12"
20180813,13/08/2018,FY2019,2018 Aug,"2018 Aug, 13"
20180814,14/08/2018,FY2019,2018 Aug,"2018 Aug, 14"
20180815,15/08/2018,FY2019,2018 Aug,"2018 Aug, 15"
20180816,16/08/2018,FY2019,2018 Aug,"2018 Aug, 16"
20180817,17/08/2018,FY2019,2018 Aug,"2018 Aug, 17"
20180818,18/08/2018,FY2019,2018 Aug,"2018 Aug, 18"
20180819,19/08/2018,FY2019,2018 Aug,"2018 Aug, 19"
20180820,20/08/2018,FY2019,2018 Aug,"2018 Aug, 20"
20180821,21/08/2018,FY2019,2018 Aug,"2018 Aug, 21"
20180822,22/08/2018,FY2019,2018 Aug,"2018 Aug, 22"
20180823,23/08/2018,FY2019,2018 Aug,"2018 Aug, 23"
20180824,24/08/2018,FY2019,2018 Aug,"2018 Aug, 24"
20180825,25/08/2018,FY2019,2018 Aug,"2018 Aug, 25"
20180826,26/08/2018,FY2019,2018 Aug,"2018 Aug, 26"
20180827,27/08/2018,FY2019,2018 Aug,"2018 Aug, 27"
20180828,28/08/2018,FY2019,2018 Aug,"2018 Aug, 28"
20180829,29/08/2018,FY2019,2018 Aug,"2018 Aug, 29"
20180830,30/08/2018,FY2019,2018 Aug,"2018 Aug, 30"
20180831,31/08/2018,FY2019,2018 Aug,"2018 Aug, 31"
20180901,01/09/2018,FY2019,2018 Sep,"2018 Sep, 01"
20180902,02/09/2018,FY2019,2018 Sep,"2018 Sep, 02"
20180903,03/09/2018,FY2019,2018 Sep,"2018 Sep, 03"
20180904,04/09/2018,FY2019,2018 Sep,"2018 Sep, 04"
20180905,05/09/2018,FY2019,2018 Sep,"2018 Sep, 05"
20180906,06/09/2018,FY2019,2018 Sep,"2018 Sep, 06"
20180907,07/09/2018,FY2019,2018 Sep,"2018 Sep, 07"
20180908,08/09/2018,FY2019,2018 Sep,"2018 Sep, 08"
20180909,09/09/2018,FY2019,2018 Sep,"2018 Sep, 09"
20180910,10/09/2018,FY2019,2018 Sep,"2018 Sep, 10"
20180911,11/09/2018,FY2019,2018 Sep,"2018 Sep, 11"
20180912,12/09/2018,FY2019,2018 Sep,"2018 Sep, 12"
20180913,13/09/2018,FY2019,2018 Sep,"2018 Sep, 13"
20180914,14/09/2018,FY2019,2018 Sep,"2018 Sep, 14"
20180915,15/09/2018,FY2019,2018 Sep,"2018 Sep, 15"
20180916,16/09/2018,FY2019,2018 Sep,"2018 Sep, 16"
20180917,17/09/2018,FY2019,2018 Sep,"2018 Sep, 17"
20180918,18/09/2018,FY2019,2018 Sep,"2018 Sep, 18"
20180919,19/09/2018,FY2019,2018 Sep,"2018 Sep, 19"
20180920,20/09/2018,FY2019,2018 Sep,"2018 Sep, 20"
20180921,21/09/2018,FY2019,2018 Sep,"2018 Sep, 21"
20180922,22/09/2018,FY2019,2018 Sep,"2018 Sep, 22"
20180923,23/09/2018,FY2019,2018 Sep,"2018 Sep, 23"
20180924,24/09/2018,FY2019,2018 Sep,"2018 Sep, 24"
20180925,25/09/2018,FY2019,2018 Sep,"2018 Sep, 25"
20180926,26/09/2018,FY2019,2018 Sep,"2018 Sep, 26"
20180927,27/09/2018,FY2019,2018 Sep,"2018 Sep, 27"
20180928,28/09/2018,FY2019,2018 Sep,"2018 Sep, 28"
20180929,29/09/2018,FY2019,2018 Sep,"2018 Sep, 29"
20180930,30/09/2018,FY2019,2018 Sep,"2018 Sep, 30"
20181001,01/10/2018,FY2019,2018 Oct,"2018 Oct, 01"
20181002,02/10/2018,FY2019,2018 Oct,"2018 Oct, 02"
20181003,03/10/2018,FY2019,2018 Oct,"2018 Oct, 03"
20181004,04/10/2018,FY2019,2018 Oct,"2018 Oct, 04"
20181005,05/10/2018,FY2019,2018 Oct,"2018 Oct, 05"
20181006,06/10/2018,FY2019,2018 Oct,"2018 Oct, 06"
20181007,07/10/2018,FY2019,2018 Oct,"2018 Oct, 07"
20181008,08/10/2018,FY2019,2018 Oct,"2018 Oct, 08"
20181009,09/10/2018,FY2019,2018 Oct,"2018 Oct, 09"
20181010,10/10/2018,FY2019,2018 Oct,"2018 Oct, 10"
20181011,11/10/2018,FY2019,2018 Oct,"2018 Oct, 11"
20181012,12/10/2018,FY2019,2018 Oct,"2018 Oct, 12"
20181013,13/10/2018,FY2019,2018 Oct,"2018 Oct, 13"
20181014,14/10/2018,FY2019,2018 Oct,"2018 Oct, 14"
20181015,15/10/2018,FY2019,2018 Oct,"2018 Oct, 15"
20181016,16/10/2018,FY2019,2018 Oct,"2018 Oct, 16"
20181017,17/10/2018,FY2019,2018 Oct,"2018 Oct, 17"
20181018,18/10/2018,FY2019,2018 Oct,"2018 Oct, 18"
20181019,19/10/2018,FY2019,2018 Oct,"2018 Oct, 19"
20181020,20/10/2018,FY2019,2018 Oct,"2018 Oct, 20"
20181021,21/10/2018,FY2019,2018 Oct,"2018 Oct, 21"
20181022,22/10/2018,FY2019,2018 Oct,"2018 Oct, 22"
20181023,23/10/2018,FY2019,2018 Oct,"2018 Oct, 23"
20181024,24/10/2018,FY2019,2018 Oct,"2018 Oct, 24"
20181025,25/10/2018,FY2019,2018 Oct,"2018 Oct, 25"
20181026,26/10/2018,FY2019,2018 Oct,"2018 Oct, 26"
20181027,27/10/2018,FY2019,2018 Oct,"2018 Oct, 27"
20181028,28/10/2018,FY2019,2018 Oct,"2018 Oct, 28"
20181029,29/10/2018,FY2019,2018 Oct,"2018 Oct, 29"
20181030,30/10/2018,FY2019,2018 Oct,"2018 Oct, 30"
20181031,31/10/2018,FY2019,2018 Oct,"2018 Oct, 31"
20181101,01/11/2018,FY2019,2018 Nov,"2018 Nov, 01"
20181102,02/11/2018,FY2019,2018 Nov,"2018 Nov, 02"
20181103,03/11/2018,FY2019,2018 Nov,"2018 Nov, 03"
20181104,04/11/2018,FY2019,2018 Nov,"2018 Nov, 04"
20181105,05/11/2018,FY2019,2018 Nov,"2018 Nov, 05"
20181106,06/11/2018,FY2019,2018 Nov,"2018 Nov, 06"
20181107,07/11/2018,FY2019,2018 Nov,"2018 Nov, 07"
20181108,08/11/2018,FY2019,2018 Nov,"2018 Nov, 08"
20181109,09/11/2018,FY2019,2018 Nov,"2018 Nov, 09"
20181110,10/11/2018,FY2019,2018 Nov,"2018 Nov, 10"
20181111,11/11/2018,FY2019,2018 Nov,"2018 Nov, 11"
20181112,12/11/2018,FY2019,2018 Nov,"2018 Nov, 12"
20181113,13/11/2018,FY2019,2018 Nov,"2018 Nov, 13"
20181114,14/11/2018,FY2019,2018 Nov,"2018 Nov, 14"
20181115,15/11/2018,FY2019,2018 Nov,"2018 Nov, 15"
20181116,16/11/2018,FY2019,2018 Nov,"2018 Nov, 16"
20181117,17/11/2018,FY2019,2018 Nov,"2018 Nov, 17"
20181118,18/11/2018,FY2019,2018 Nov,"2018 Nov, 18"
20181119,19/11/2018,FY2019,2018 Nov,"2018 Nov, 19"
20181120,20/11/2018,FY2019,2018 Nov,"2018 Nov, 20"
20181121,21/11/2018,FY2019,2018 Nov,"2018 Nov, 21"
20181122,22/11/2018,FY2019,2018 Nov,"2018 Nov, 22"
20181123,23/11/2018,FY2019,2018 Nov,"2018 Nov, 23"
20181124,24/11/2018,FY2019,2018 Nov,"2018 Nov, 24"
20181125,25/11/2018,FY2019,2018 Nov,"2018 Nov, 25"
20181126,26/11/2018,FY2019,2018 Nov,"2018 Nov, 26"
20181127,27/11/2018,FY2019,2018 Nov,"2018 Nov, 27"
20181128,28/11/2018,FY2019,2018 Nov,"2018 Nov, 28"
20181129,29/11/2018,FY2019,2018 Nov,"2018 Nov, 29"
20181130,30/11/2018,FY2019,2018 Nov,"2018 Nov, 30"
20181201,01/12/2018,FY2019,2018 Dec,"2018 Dec, 01"
20181202,02/12/2018,FY2019,2018 Dec,"2018 Dec, 02"
20181203,03/12/2018,FY2019,2018 Dec,"2018 Dec, 03"
20181204,04/12/2018,FY2019,2018 Dec,"2018 Dec, 04"
20181205,05/12/2018,FY2019,2018 Dec,"2018 Dec, 05"
20181206,06/12/2018,FY2019,2018 Dec,"2018 Dec, 06"
20181207,07/12/2018,FY2019,2018 Dec,"2018 Dec, 07"
20181208,08/12/2018,FY2019,2018 Dec,"2018 Dec, 08"
20181209,09/12/2018,FY2019,2018 Dec,"2018 Dec, 09"
20181210,10/12/2018,FY2019,2018 Dec,"2018 Dec, 10"
20181211,11/12/2018,FY2019,2018 Dec,"2018 Dec, 11"
20181212,12/12/2018,FY2019,2018 Dec,"2018 Dec, 12"
20181213,13/12/2018,FY2019,2018 Dec,"2018 Dec, 13"
20181214,14/12/2018,FY2019,2018 Dec,"2018 Dec, 14"
20181215,15/12/2018,FY2019,2018 Dec,"2018 Dec, 15"
20181216,16/12/2018,FY2019,2018 Dec,"2018 Dec, 16"
20181217,17/12/2018,FY2019,2018 Dec,"2018 Dec, 17"
20181218,18/12/2018,FY2019,2018 Dec,"2018 Dec, 18"
20181219,19/12/2018,FY2019,2018 Dec,"2018 Dec, 19"
20181220,20/12/2018,FY2019,2018 Dec,"2018 Dec, 20"
20181221,21/12/2018,FY2019,2018 Dec,"2018 Dec, 21"
20181222,22/12/2018,FY2019,2018 Dec,"2018 Dec, 22"
20181223,23/12/2018,FY2019,2018 Dec,"2018 Dec, 23"
20181224,24/12/2018,FY2019,2018 Dec,"2018 Dec, 24"
20181225,25/12/2018,FY2019,2018 Dec,"2018 Dec, 25"
20181226,26/12/2018,FY2019,2018 Dec,"2018 Dec, 26"
20181227,27/12/2018,FY2019,2018 Dec,"2018 Dec, 27"
20181228,28/12/2018,FY2019,2018 Dec,"2018 Dec, 28"
20181229,29/12/2018,FY2019,2018 Dec,"2018 Dec, 29"
20181230,30/12/2018,FY2019,2018 Dec,"2018 Dec, 30"
20181231,31/12/2018,FY2019,2018 Dec,"2018 Dec, 31"
20190101,01/01/2019,FY2019,2019 Jan,"2019 Jan, 01"
20190102,02/01/2019,FY2019,2019 Jan,"2019 Jan, 02"
20190103,03/01/2019,FY2019,2019 Jan,"2019 Jan, 03"
20190104,04/01/2019,FY2019,2019 Jan,"2019 Jan, 04"
20190105,05/01/2019,FY2019,2019 Jan,"2019 Jan, 05"
20190106,06/01/2019,FY2019,2019 Jan,"2019 Jan, 06"
20190107,07/01/2019,FY2019,2019 Jan,"2019 Jan, 07"
20190108,08/01/2019,FY2019,2019 Jan,"2019 Jan, 08"
20190109,09/01/2019,FY2019,2019 Jan,"2019 Jan, 09"
20190110,10/01/2019,FY2019,2019 Jan,"2019 Jan, 10"
20190111,11/01/2019,FY2019,2019 Jan,"2019 Jan, 11"
20190112,12/01/2019,FY2019,2019 Jan,"2019 Jan, 12"
20190113,13/01/2019,FY2019,2019 Jan,"2019 Jan, 13"
20190114,14/01/2019,FY2019,2019 Jan,"2019 Jan, 14"
20190115,15/01/2019,FY2019,2019 Jan,"2019 Jan, 15"
20190116,16/01/2019,FY2019,2019 Jan,"2019 Jan, 16"
20190117,17/01/2019,FY2019,2019 Jan,"2019 Jan, 17"
20190118,18/01/2019,FY2019,2019 Jan,"2019 Jan, 18"
20190119,19/01/2019,FY2019,2019 Jan,"2019 Jan, 19"
20190120,20/01/2019,FY2019,2019 Jan,"2019 Jan, 20"
20190121,21/01/2019,FY2019,2019 Jan,"2019 Jan, 21"
20190122,22/01/2019,FY2019,2019 Jan,"2019 Jan, 22"
20190123,23/01/2019,FY2019,2019 Jan,"2019 Jan, 23"
20190124,24/01/2019,FY2019,2019 Jan,"2019 Jan, 24"
20190125,25/01/2019,FY2019,2019 Jan,"2019 Jan, 25"
20190126,26/01/2019,FY2019,2019 Jan,"2019 Jan, 26"
20190127,27/01/2019,FY2019,2019 Jan,"2019 Jan, 27"
20190128,28/01/2019,FY2019,2019 Jan,"2019 Jan, 28"
20190129,29/01/2019,FY2019,2019 Jan,"2019 Jan, 29"
20190130,30/01/2019,FY2019,2019 Jan,"2019 Jan, 30"
20190131,31/01/2019,FY2019,2019 Jan,"2019 Jan, 31"
20190201,01/02/2019,FY2019,2019 Feb,"2019 Feb, 01"
20190202,02/02/2019,FY2019,2019 Feb,"2019 Feb, 02"
20190203,03/02/2019,FY2019,2019 Feb,"2019 Feb, 03"
20190204,04/02/2019,FY2019,2019 Feb,"2019 Feb, 04"
20190205,05/02/2019,FY2019,2019 Feb,"2019 Feb, 05"
20190206,06/02/2019,FY2019,2019 Feb,"2019 Feb, 06"
20190207,07/02/2019,FY2019,2019 Feb,"2019 Feb, 07"
20190208,08/02/2019,FY2019,2019 Feb,"2019 Feb, 08"
20190209,09/02/2019,FY2019,2019 Feb,"2019 Feb, 09"
20190210,10/02/2019,FY2019,2019 Feb,"2019 Feb, 10"
20190211,11/02/2019,FY2019,2019 Feb,"2019 Feb, 11"
20190212,12/02/2019,FY2019,2019 Feb,"2019 Feb, 12"
20190213,13/02/2019,FY2019,2019 Feb,"2019 Feb, 13"
20190214,14/02/2019,FY2019,2019 Feb,"2019 Feb, 14"
20190215,15/02/2019,FY2019,2019 Feb,"2019 Feb, 15"
20190216,16/02/2019,FY2019,2019 Feb,"2019 Feb, 16"
20190217,17/02/2019,FY2019,2019 Feb,"2019 Feb, 17"
20190218,18/02/2019,FY2019,2019 Feb,"2019 Feb, 18"
20190219,19/02/2019,FY2019,2019 Feb,"2019 Feb, 19"
20190220,20/02/2019,FY2019,2019 Feb,"2019 Feb, 20"
20190221,21/02/2019,FY2019,2019 Feb,"2019 Feb, 21"
20190222,22/02/2019,FY2019,2019 Feb,"2019 Feb, 22"
20190223,23/02/2019,FY2019,2019 Feb,"2019 Feb, 23"
20190224,24/02/2019,FY2019,2019 Feb,"2019 Feb, 24"
20190225,25/02/2019,FY2019,2019 Feb,"2019 Feb, 25"
20190226,26/02/2019,FY2019,2019 Feb,"2019 Feb, 26"
20190227,27/02/2019,FY2019,2019 Feb,"2019 Feb, 27"
20190228,28/02/2019,FY2019,2019 Feb,"2019 Feb, 28"
20190301,01/03/2019,FY2019,2019 Mar,"2019 Mar, 01"
20190302,02/03/2019,FY2019,2019 Mar,"2019 Mar, 02"
20190303,03/03/2019,FY2019,2019 Mar,"2019 Mar, 03"
20190304,04/03/2019,FY2019,2019 Mar,"2019 Mar, 04"
20190305,05/03/2019,FY2019,2019 Mar,"2019 Mar, 05"
20190306,06/03/2019,FY2019,2019 Mar,"2019 Mar, 06"
20190307,07/03/2019,FY2019,2019 Mar,"2019 Mar, 07"
20190308,08/03/2019,FY2019,2019 Mar,"2019 Mar, 08"
20190309,09/03/2019,FY2019,2019 Mar,"2019 Mar, 09"
20190310,10/03/2019,FY2019,2019 Mar,"2019 Mar, 10"
20190311,11/03/2019,FY2019,2019 Mar,"2019 Mar, 11"
20190312,12/03/2019,FY2019,2019 Mar,"2019 Mar, 12"
20190313,13/03/2019,FY2019,2019 Mar,"2019 Mar, 13"
20190314,14/03/2019,FY2019,2019 Mar,"2019 Mar, 14"
20190315,15/03/2019,FY2019,2019 Mar,"2019 Mar, 15"
20190316,16/03/2019,FY2019,2019 Mar,"2019 Mar, 16"
20190317,17/03/2019,FY2019,2019 Mar,"2019 Mar, 17"
20190318,18/03/2019,FY2019,2019 Mar,"2019 Mar, 18"
20190319,19/03/2019,FY2019,2019 Mar,"2019 Mar, 19"
20190320,20/03/2019,FY2019,2019 Mar,"2019 Mar, 20"
20190321,21/03/2019,FY2019,2019 Mar,"2019 Mar, 21"
20190322,22/03/2019,FY2019,2019 Mar,"2019 Mar, 22"
20190323,23/03/2019,FY2019,2019 Mar,"2019 Mar, 23"
20190324,24/03/2019,FY2019,2019 Mar,"2019 Mar, 24"
20190325,25/03/2019,FY2019,2019 Mar,"2019 Mar, 25"
20190326,26/03/2019,FY2019,2019 Mar,"2019 Mar, 26"
20190327,27/03/2019,FY2019,2019 Mar,"2019 Mar, 27"
20190328,28/03/2019,FY2019,2019 Mar,"2019 Mar, 28"
20190329,29/03/2019,FY2019,2019 Mar,"2019 Mar, 29"
20190330,30/03/2019,FY2019,2019 Mar,"2019 Mar, 30"
20190331,31/03/2019,FY2019,2019 Mar,"2019 Mar, 31"
20190401,01/04/2019,FY2019,2019 Apr,"2019 Apr, 01"
20190402,02/04/2019,FY2019,2019 Apr,"2019 Apr, 02"
20190403,03/04/2019,FY2019,2019 Apr,"2019 Apr, 03"
20190404,04/04/2019,FY2019,2019 Apr,"2019 Apr, 04"
20190405,05/04/2019,FY2019,2019 Apr,"2019 Apr, 05"
20190406,06/04/2019,FY2019,2019 Apr,"2019 Apr, 06"
20190407,07/04/2019,FY2019,2019 Apr,"2019 Apr, 07"
20190408,08/04/2019,FY2019,2019 Apr,"2019 Apr, 08"
20190409,09/04/2019,FY2019,2019 Apr,"2019 Apr, 09"
20190410,10/04/2019,FY2019,2019 Apr,"2019 Apr, 10"
20190411,11/04/2019,FY2019,2019 Apr,"2019 Apr, 11"
20190412,12/04/2019,FY2019,2019 Apr,"2019 Apr, 12"
20190413,13/04/2019,FY2019,2019 Apr,"2019 Apr, 13"
20190414,14/04/2019,FY2019,2019 Apr,"2019 Apr, 14"
20190415,15/04/2019,FY2019,2019 Apr,"2019 Apr, 15"
20190416,16/04/2019,FY2019,2019 Apr,"2019 Apr, 16"
20190417,17/04/2019,FY2019,2019 Apr,"2019 Apr, 17"
20190418,18/04/2019,FY2019,2019 Apr,"2019 Apr, 18"
20190419,19/04/2019,FY2019,2019 Apr,"2019 Apr, 19"
20190420,20/04/2019,FY2019,2019 Apr,"2019 Apr, 20"
20190421,21/04/2019,FY2019,2019 Apr,"2019 Apr, 21"
20190422,22/04/2019,FY2019,2019 Apr,"2019 Apr, 22"
20190423,23/04/2019,FY2019,2019 Apr,"2019 Apr, 23"
20190424,24/04/2019,FY2019,2019 Apr,"2019 Apr, 24"
20190425,25/04/2019,FY2019,2019 Apr,"2019 Apr, 25"
20190426,26/04/2019,FY2019,2019 Apr,"2019 Apr, 26"
20190427,27/04/2019,FY2019,2019 Apr,"2019 Apr, 27"
20190428,28/04/2019,FY2019,2019 Apr,"2019 Apr, 28"
20190429,29/04/2019,FY2019,2019 Apr,"2019 Apr, 29"
20190430,30/04/2019,FY2019,2019 Apr,"2019 Apr, 30"
20190501,01/05/2019,FY2019,2019 May,"2019 May, 01"
20190502,02/05/2019,FY2019,2019 May,"2019 May, 02"
20190503,03/05/2019,FY2019,2019 May,"2019 May, 03"
20190504,04/05/2019,FY2019,2019 May,"2019 May, 04"
20190505,05/05/2019,FY2019,2019 May,"2019 May, 05"
20190506,06/05/2019,FY2019,2019 May,"2019 May, 06"
20190507,07/05/2019,FY2019,2019 May,"2019 May, 07"
20190508,08/05/2019,FY2019,2019 May,"2019 May, 08"
20190509,09/05/2019,FY2019,2019 May,"2019 May, 09"
20190510,10/05/2019,FY2019,2019 May,"2019 May, 10"
20190511,11/05/2019,FY2019,2019 May,"2019 May, 11"
20190512,12/05/2019,FY2019,2019 May,"2019 May, 12"
20190513,13/05/2019,FY2019,2019 May,"2019 May, 13"
20190514,14/05/2019,FY2019,2019 May,"2019 May, 14"
20190515,15/05/2019,FY2019,2019 May,"2019 May, 15"
20190516,16/05/2019,FY2019,2019 May,"2019 May, 16"
20190517,17/05/2019,FY2019,2019 May,"2019 May, 17"
20190518,18/05/2019,FY2019,2019 May,"2019 May, 18"
20190519,19/05/2019,FY2019,2019 May,"2019 May, 19"
20190520,20/05/2019,FY2019,2019 May,"2019 May, 20"
20190521,21/05/2019,FY2019,2019 May,"2019 May, 21"
20190522,22/05/2019,FY2019,2019 May,"2019 May, 22"
20190523,23/05/2019,FY2019,2019 May,"2019 May, 23"
20190524,24/05/2019,FY2019,2019 May,"2019 May, 24"
20190525,25/05/2019,FY2019,2019 May,"2019 May, 25"
20190526,26/05/2019,FY2019,2019 May,"2019 May, 26"
20190527,27/05/2019,FY2019,2019 May,"2019 May, 27"
20190528,28/05/2019,FY2019,2019 May,"2019 May, 28"
20190529,29/05/2019,FY2019,2019 May,"2019 May, 29"
20190530,30/05/2019,FY2019,2019 May,"2019 May, 30"
20190531,31/05/2019,FY2019,2019 May,"2019 May, 31"
20190601,01/06/2019,FY2019,2019 Jun,"2019 Jun, 01"
20190602,02/06/2019,FY2019,2019 Jun,"2019 Jun, 02"
20190603,03/06/2019,FY2019,2019 Jun,"2019 Jun, 03"
20190604,04/06/2019,FY2019,2019 Jun,"2019 Jun, 04"
20190605,05/06/2019,FY2019,2019 Jun,"2019 Jun, 05"
20190606,06/06/2019,FY2019,2019 Jun,"2019 Jun, 06"
20190607,07/06/2019,FY2019,2019 Jun,"2019 Jun, 07"
20190608,08/06/2019,FY2019,2019 Jun,"2019 Jun, 08"
20190609,09/06/2019,FY2019,2019 Jun,"2019 Jun, 09"
20190610,10/06/2019,FY2019,2019 Jun,"2019 Jun, 10"
20190611,11/06/2019,FY2019,2019 Jun,"2019 Jun, 11"
20190612,12/06/2019,FY2019,2019 Jun,"2019 Jun, 12"
20190613,13/06/2019,FY2019,2019 Jun,"2019 Jun, 13"
20190614,14/06/2019,FY2019,2019 Jun,"2019 Jun, 14"
20190615,15/06/2019,FY2019,2019 Jun,"2019 Jun, 15"
20190616,16/06/2019,FY2019,2019 Jun,"2019 Jun, 16"
20190617,17/06/2019,FY2019,2019 Jun,"2019 Jun, 17"
20190618,18/06/2019,FY2019,2019 Jun,"2019 Jun, 18"
20190619,19/06/2019,FY2019,2019 Jun,"2019 Jun, 19"
20190620,20/06/2019,FY2019,2019 Jun,"2019 Jun, 20"
20190621,21/06/2019,FY2019,2019 Jun,"2019 Jun, 21"
20190622,22/06/2019,FY2019,2019 Jun,"2019 Jun, 22"
20190623,23/06/2019,FY2019,2019 Jun,"2019 Jun, 23"
20190624,24/06/2019,FY2019,2019 Jun,"2019 Jun, 24"
20190625,25/06/2019,FY2019,2019 Jun,"2019 Jun, 25"
20190626,26/06/2019,FY2019,2019 Jun,"2019 Jun, 26"
20190627,27/06/2019,FY2019,2019 Jun,"2019 Jun, 27"
20190628,28/06/2019,FY2019,2019 Jun,"2019 Jun, 28"
20190629,29/06/2019,FY2019,2019 Jun,"2019 Jun, 29"
20190630,30/06/2019,FY2019,2019 Jun,"2019 Jun, 30"
20190701,01/07/2019,FY2020,2019 Jul,"2019 Jul, 01"
20190702,02/07/2019,FY2020,2019 Jul,"2019 Jul, 02"
20190703,03/07/2019,FY2020,2019 Jul,"2019 Jul, 03"
20190704,04/07/2019,FY2020,2019 Jul,"2019 Jul, 04"
20190705,05/07/2019,FY2020,2019 Jul,"2019 Jul, 05"
20190706,06/07/2019,FY2020,2019 Jul,"2019 Jul, 06"
20190707,07/07/2019,FY2020,2019 Jul,"2019 Jul, 07"
20190708,08/07/2019,FY2020,2019 Jul,"2019 Jul, 08"
20190709,09/07/2019,FY2020,2019 Jul,"2019 Jul, 09"
20190710,10/07/2019,FY2020,2019 Jul,"2019 Jul, 10"
20190711,11/07/2019,FY2020,2019 Jul,"2019 Jul, 11"
20190712,12/07/2019,FY2020,2019 Jul,"2019 Jul, 12"
20190713,13/07/2019,FY2020,2019 Jul,"2019 Jul, 13"
20190714,14/07/2019,FY2020,2019 Jul,"2019 Jul, 14"
20190715,15/07/2019,FY2020,2019 Jul,"2019 Jul, 15"
20190716,16/07/2019,FY2020,2019 Jul,"2019 Jul, 16"
20190717,17/07/2019,FY2020,2019 Jul,"2019 Jul, 17"
20190718,18/07/2019,FY2020,2019 Jul,"2019 Jul, 18"
20190719,19/07/2019,FY2020,2019 Jul,"2019 Jul, 19"
20190720,20/07/2019,FY2020,2019 Jul,"2019 Jul, 20"
20190721,21/07/2019,FY2020,2019 Jul,"2019 Jul, 21"
20190722,22/07/2019,FY2020,2019 Jul,"2019 Jul, 22"
20190723,23/07/2019,FY2020,2019 Jul,"2019 Jul, 23"
20190724,24/07/2019,FY2020,2019 Jul,"2019 Jul, 24"
20190725,25/07/2019,FY2020,2019 Jul,"2019 Jul, 25"
20190726,26/07/2019,FY2020,2019 Jul,"2019 Jul, 26"
20190727,27/07/2019,FY2020,2019 Jul,"2019 Jul, 27"
20190728,28/07/2019,FY2020,2019 Jul,"2019 Jul, 28"
20190729,29/07/2019,FY2020,2019 Jul,"2019 Jul, 29"
20190730,30/07/2019,FY2020,2019 Jul,"2019 Jul, 30"
20190731,31/07/2019,FY2020,2019 Jul,"2019 Jul, 31"
20190801,01/08/2019,FY2020,2019 Aug,"2019 Aug, 01"
20190802,02/08/2019,FY2020,2019 Aug,"2019 Aug, 02"
20190803,03/08/2019,FY2020,2019 Aug,"2019 Aug, 03"
20190804,04/08/2019,FY2020,2019 Aug,"2019 Aug, 04"
20190805,05/08/2019,FY2020,2019 Aug,"2019 Aug, 05"
20190806,06/08/2019,FY2020,2019 Aug,"2019 Aug, 06"
20190807,07/08/2019,FY2020,2019 Aug,"2019 Aug, 07"
20190808,08/08/2019,FY2020,2019 Aug,"2019 Aug, 08"
20190809,09/08/2019,FY2020,2019 Aug,"2019 Aug, 09"
20190810,10/08/2019,FY2020,2019 Aug,"2019 Aug, 10"
20190811,11/08/2019,FY2020,2019 Aug,"2019 Aug, 11"
20190812,12/08/2019,FY2020,2019 Aug,"2019 Aug, 12"
20190813,13/08/2019,FY2020,2019 Aug,"2019 Aug, 13"
20190814,14/08/2019,FY2020,2019 Aug,"2019 Aug, 14"
20190815,15/08/2019,FY2020,2019 Aug,"2019 Aug, 15"
20190816,16/08/2019,FY2020,2019 Aug,"2019 Aug, 16"
20190817,17/08/2019,FY2020,2019 Aug,"2019 Aug, 17"
20190818,18/08/2019,FY2020,2019 Aug,"2019 Aug, 18"
20190819,19/08/2019,FY2020,2019 Aug,"2019 Aug, 19"
20190820,20/08/2019,FY2020,2019 Aug,"2019 Aug, 20"
20190821,21/08/2019,FY2020,2019 Aug,"2019 Aug, 21"
20190822,22/08/2019,FY2020,2019 Aug,"2019 Aug, 22"
20190823,23/08/2019,FY2020,2019 Aug,"2019 Aug, 23"
20190824,24/08/2019,FY2020,2019 Aug,"2019 Aug, 24"
20190825,25/08/2019,FY2020,2019 Aug,"2019 Aug, 25"
20190826,26/08/2019,FY2020,2019 Aug,"2019 Aug, 26"
20190827,27/08/2019,FY2020,2019 Aug,"2019 Aug, 27"
20190828,28/08/2019,FY2020,2019 Aug,"2019 Aug, 28"
20190829,29/08/2019,FY2020,2019 Aug,"2019 Aug, 29"
20190830,30/08/2019,FY2020,2019 Aug,"2019 Aug, 30"
20190831,31/08/2019,FY2020,2019 Aug,"2019 Aug, 31"
20190901,01/09/2019,FY2020,2019 Sep,"2019 Sep, 01"
20190902,02/09/2019,FY2020,2019 Sep,"2019 Sep, 02"
20190903,03/09/2019,FY2020,2019 Sep,"2019 Sep, 03"
20190904,04/09/2019,FY2020,2019 Sep,"2019 Sep, 04"
20190905,05/09/2019,FY2020,2019 Sep,"2019 Sep, 05"
20190906,06/09/2019,FY2020,2019 Sep,"2019 Sep, 06"
20190907,07/09/2019,FY2020,2019 Sep,"2019 Sep, 07"
20190908,08/09/2019,FY2020,2019 Sep,"2019 Sep, 08"
20190909,09/09/2019,FY2020,2019 Sep,"2019 Sep, 09"
20190910,10/09/2019,FY2020,2019 Sep,"2019 Sep, 10"
20190911,11/09/2019,FY2020,2019 Sep,"2019 Sep, 11"
20190912,12/09/2019,FY2020,2019 Sep,"2019 Sep, 12"
20190913,13/09/2019,FY2020,2019 Sep,"2019 Sep, 13"
20190914,14/09/2019,FY2020,2019 Sep,"2019 Sep, 14"
20190915,15/09/2019,FY2020,2019 Sep,"2019 Sep, 15"
20190916,16/09/2019,FY2020,2019 Sep,"2019 Sep, 16"
20190917,17/09/2019,FY2020,2019 Sep,"2019 Sep, 17"
20190918,18/09/2019,FY2020,2019 Sep,"2019 Sep, 18"
20190919,19/09/2019,FY2020,2019 Sep,"2019 Sep, 19"
20190920,20/09/2019,FY2020,2019 Sep,"2019 Sep, 20"
20190921,21/09/2019,FY2020,2019 Sep,"2019 Sep, 21"
20190922,22/09/2019,FY2020,2019 Sep,"2019 Sep, 22"
20190923,23/09/2019,FY2020,2019 Sep,"2019 Sep, 23"
20190924,24/09/2019,FY2020,2019 Sep,"2019 Sep, 24"
20190925,25/09/2019,FY2020,2019 Sep,"2019 Sep, 25"
20190926,26/09/2019,FY2020,2019 Sep,"2019 Sep, 26"
20190927,27/09/2019,FY2020,2019 Sep,"2019 Sep, 27"
20190928,28/09/2019,FY2020,2019 Sep,"2019 Sep, 28"
20190929,29/09/2019,FY2020,2019 Sep,"2019 Sep, 29"
20190930,30/09/2019,FY2020,2019 Sep,"2019 Sep, 30"
20191001,01/10/2019,FY2020,2019 Oct,"2019 Oct, 01"
20191002,02/10/2019,FY2020,2019 Oct,"2019 Oct, 02"
20191003,03/10/2019,FY2020,2019 Oct,"2019 Oct, 03"
20191004,04/10/2019,FY2020,2019 Oct,"2019 Oct, 04"
20191005,05/10/2019,FY2020,2019 Oct,"2019 Oct, 05"
20191006,06/10/2019,FY2020,2019 Oct,"2019 Oct, 06"
20191007,07/10/2019,FY2020,2019 Oct,"2019 Oct, 07"
20191008,08/10/2019,FY2020,2019 Oct,"2019 Oct, 08"
20191009,09/10/2019,FY2020,2019 Oct,"2019 Oct, 09"
20191010,10/10/2019,FY2020,2019 Oct,"2019 Oct, 10"
20191011,11/10/2019,FY2020,2019 Oct,"2019 Oct, 11"
20191012,12/10/2019,FY2020,2019 Oct,"2019 Oct, 12"
20191013,13/10/2019,FY2020,2019 Oct,"2019 Oct, 13"
20191014,14/10/2019,FY2020,2019 Oct,"2019 Oct, 14"
20191015,15/10/2019,FY2020,2019 Oct,"2019 Oct, 15"
20191016,16/10/2019,FY2020,2019 Oct,"2019 Oct, 16"
20191017,17/10/2019,FY2020,2019 Oct,"2019 Oct, 17"
20191018,18/10/2019,FY2020,2019 Oct,"2019 Oct, 18"
20191019,19/10/2019,FY2020,2019 Oct,"2019 Oct, 19"
20191020,20/10/2019,FY2020,2019 Oct,"2019 Oct, 20"
20191021,21/10/2019,FY2020,2019 Oct,"2019 Oct, 21"
20191022,22/10/2019,FY2020,2019 Oct,"2019 Oct, 22"
20191023,23/10/2019,FY2020,2019 Oct,"2019 Oct, 23"
20191024,24/10/2019,FY2020,2019 Oct,"2019 Oct, 24"
20191025,25/10/2019,FY2020,2019 Oct,"2019 Oct, 25"
20191026,26/10/2019,FY2020,2019 Oct,"2019 Oct, 26"
20191027,27/10/2019,FY2020,2019 Oct,"2019 Oct, 27"
20191028,28/10/2019,FY2020,2019 Oct,"2019 Oct, 28"
20191029,29/10/2019,FY2020,2019 Oct,"2019 Oct, 29"
20191030,30/10/2019,FY2020,2019 Oct,"2019 Oct, 30"
20191031,31/10/2019,FY2020,2019 Oct,"2019 Oct, 31"
20191101,01/11/2019,FY2020,2019 Nov,"2019 Nov, 01"
20191102,02/11/2019,FY2020,2019 Nov,"2019 Nov, 02"
20191103,03/11/2019,FY2020,2019 Nov,"2019 Nov, 03"
20191104,04/11/2019,FY2020,2019 Nov,"2019 Nov, 04"
20191105,05/11/2019,FY2020,2019 Nov,"2019 Nov, 05"
20191106,06/11/2019,FY2020,2019 Nov,"2019 Nov, 06"
20191107,07/11/2019,FY2020,2019 Nov,"2019 Nov, 07"
20191108,08/11/2019,FY2020,2019 Nov,"2019 Nov, 08"
20191109,09/11/2019,FY2020,2019 Nov,"2019 Nov, 09"
20191110,10/11/2019,FY2020,2019 Nov,"2019 Nov, 10"
20191111,11/11/2019,FY2020,2019 Nov,"2019 Nov, 11"
20191112,12/11/2019,FY2020,2019 Nov,"2019 Nov, 12"
20191113,13/11/2019,FY2020,2019 Nov,"2019 Nov, 13"
20191114,14/11/2019,FY2020,2019 Nov,"2019 Nov, 14"
20191115,15/11/2019,FY2020,2019 Nov,"2019 Nov, 15"
20191116,16/11/2019,FY2020,2019 Nov,"2019 Nov, 16"
20191117,17/11/2019,FY2020,2019 Nov,"2019 Nov, 17"
20191118,18/11/2019,FY2020,2019 Nov,"2019 Nov, 18"
20191119,19/11/2019,FY2020,2019 Nov,"2019 Nov, 19"
20191120,20/11/2019,FY2020,2019 Nov,"2019 Nov, 20"
20191121,21/11/2019,FY2020,2019 Nov,"2019 Nov, 21"
20191122,22/11/2019,FY2020,2019 Nov,"2019 Nov, 22"
20191123,23/11/2019,FY2020,2019 Nov,"2019 Nov, 23"
20191124,24/11/2019,FY2020,2019 Nov,"2019 Nov, 24"
20191125,25/11/2019,FY2020,2019 Nov,"2019 Nov, 25"
20191126,26/11/2019,FY2020,2019 Nov,"2019 Nov, 26"
20191127,27/11/2019,FY2020,2019 Nov,"2019 Nov, 27"
20191128,28/11/2019,FY2020,2019 Nov,"2019 Nov, 28"
20191129,29/11/2019,FY2020,2019 Nov,"2019 Nov, 29"
20191130,30/11/2019,FY2020,2019 Nov,"2019 Nov, 30"
20191201,01/12/2019,FY2020,2019 Dec,"2019 Dec, 01"
20191202,02/12/2019,FY2020,2019 Dec,"2019 Dec, 02"
20191203,03/12/2019,FY2020,2019 Dec,"2019 Dec, 03"
20191204,04/12/2019,FY2020,2019 Dec,"2019 Dec, 04"
20191205,05/12/2019,FY2020,2019 Dec,"2019 Dec, 05"
20191206,06/12/2019,FY2020,2019 Dec,"2019 Dec, 06"
20191207,07/12/2019,FY2020,2019 Dec,"2019 Dec, 07"
20191208,08/12/2019,FY2020,2019 Dec,"2019 Dec, 08"
20191209,09/12/2019,FY2020,2019 Dec,"2019 Dec, 09"
20191210,10/12/2019,FY2020,2019 Dec,"2019 Dec, 10"
20191211,11/12/2019,FY2020,2019 Dec,"2019 Dec, 11"
20191212,12/12/2019,FY2020,2019 Dec,"2019 Dec, 12"
20191213,13/12/2019,FY2020,2019 Dec,"2019 Dec, 13"
20191214,14/12/2019,FY2020,2019 Dec,"2019 Dec, 14"
20191215,15/12/2019,FY2020,2019 Dec,"2019 Dec, 15"
20191216,16/12/2019,FY2020,2019 Dec,"2019 Dec, 16"
20191217,17/12/2019,FY2020,2019 Dec,"2019 Dec, 17"
20191218,18/12/2019,FY2020,2019 Dec,"2019 Dec, 18"
20191219,19/12/2019,FY2020,2019 Dec,"2019 Dec, 19"
20191220,20/12/2019,FY2020,2019 Dec,"2019 Dec, 20"
20191221,21/12/2019,FY2020,2019 Dec,"2019 Dec, 21"
20191222,22/12/2019,FY2020,2019 Dec,"2019 Dec, 22"
20191223,23/12/2019,FY2020,2019 Dec,"2019 Dec, 23"
20191224,24/12/2019,FY2020,2019 Dec,"2019 Dec, 24"
20191225,25/12/2019,FY2020,2019 Dec,"2019 Dec, 25"
20191226,26/12/2019,FY2020,2019 Dec,"2019 Dec, 26"
20191227,27/12/2019,FY2020,2019 Dec,"2019 Dec, 27"
20191228,28/12/2019,FY2020,2019 Dec,"2019 Dec, 28"
20191229,29/12/2019,FY2020,2019 Dec,"2019 Dec, 29"
20191230,30/12/2019,FY2020,2019 Dec,"2019 Dec, 30"
20191231,31/12/2019,FY2020,2019 Dec,"2019 Dec, 31"
20200101,01/01/2020,FY2020,2020 Jan,"2020 Jan, 01"
20200102,02/01/2020,FY2020,2020 Jan,"2020 Jan, 02"
20200103,03/01/2020,FY2020,2020 Jan,"2020 Jan, 03"
20200104,04/01/2020,FY2020,2020 Jan,"2020 Jan, 04"
20200105,05/01/2020,FY2020,2020 Jan,"2020 Jan, 05"
20200106,06/01/2020,FY2020,2020 Jan,"2020 Jan, 06"
20200107,07/01/2020,FY2020,2020 Jan,"2020 Jan, 07"
20200108,08/01/2020,FY2020,2020 Jan,"2020 Jan, 08"
20200109,09/01/2020,FY2020,2020 Jan,"2020 Jan, 09"
20200110,10/01/2020,FY2020,2020 Jan,"2020 Jan, 10"
20200111,11/01/2020,FY2020,2020 Jan,"2020 Jan, 11"
20200112,12/01/2020,FY2020,2020 Jan,"2020 Jan, 12"
20200113,13/01/2020,FY2020,2020 Jan,"2020 Jan, 13"
20200114,14/01/2020,FY2020,2020 Jan,"2020 Jan, 14"
20200115,15/01/2020,FY2020,2020 Jan,"2020 Jan, 15"
20200116,16/01/2020,FY2020,2020 Jan,"2020 Jan, 16"
20200117,17/01/2020,FY2020,2020 Jan,"2020 Jan, 17"
20200118,18/01/2020,FY2020,2020 Jan,"2020 Jan, 18"
20200119,19/01/2020,FY2020,2020 Jan,"2020 Jan, 19"
20200120,20/01/2020,FY2020,2020 Jan,"2020 Jan, 20"
20200121,21/01/2020,FY2020,2020 Jan,"2020 Jan, 21"
20200122,22/01/2020,FY2020,2020 Jan,"2020 Jan, 22"
20200123,23/01/2020,FY2020,2020 Jan,"2020 Jan, 23"
20200124,24/01/2020,FY2020,2020 Jan,"2020 Jan, 24"
20200125,25/01/2020,FY2020,2020 Jan,"2020 Jan, 25"
20200126,26/01/2020,FY2020,2020 Jan,"2020 Jan, 26"
20200127,27/01/2020,FY2020,2020 Jan,"2020 Jan, 27"
20200128,28/01/2020,FY2020,2020 Jan,"2020 Jan, 28"
20200129,29/01/2020,FY2020,2020 Jan,"2020 Jan, 29"
20200130,30/01/2020,FY2020,2020 Jan,"2020 Jan, 30"
20200131,31/01/2020,FY2020,2020 Jan,"2020 Jan, 31"
20200201,01/02/2020,FY2020,2020 Feb,"2020 Feb, 01"
20200202,02/02/2020,FY2020,2020 Feb,"2020 Feb, 02"
20200203,03/02/2020,FY2020,2020 Feb,"2020 Feb, 03"
20200204,04/02/2020,FY2020,2020 Feb,"2020 Feb, 04"
20200205,05/02/2020,FY2020,2020 Feb,"2020 Feb, 05"
20200206,06/02/2020,FY2020,2020 Feb,"2020 Feb, 06"
20200207,07/02/2020,FY2020,2020 Feb,"2020 Feb, 07"
20200208,08/02/2020,FY2020,2020 Feb,"2020 Feb, 08"
20200209,09/02/2020,FY2020,2020 Feb,"2020 Feb, 09"
20200210,10/02/2020,FY2020,2020 Feb,"2020 Feb, 10"
20200211,11/02/2020,FY2020,2020 Feb,"2020 Feb, 11"
20200212,12/02/2020,FY2020,2020 Feb,"2020 Feb, 12"
20200213,13/02/2020,FY2020,2020 Feb,"2020 Feb, 13"
20200214,14/02/2020,FY2020,2020 Feb,"2020 Feb, 14"
20200215,15/02/2020,FY2020,2020 Feb,"2020 Feb, 15"
20200216,16/02/2020,FY2020,2020 Feb,"2020 Feb, 16"
20200217,17/02/2020,FY2020,2020 Feb,"2020 Feb, 17"
20200218,18/02/2020,FY2020,2020 Feb,"2020 Feb, 18"
20200219,19/02/2020,FY2020,2020 Feb,"2020 Feb, 19"
20200220,20/02/2020,FY2020,2020 Feb,"2020 Feb, 20"
20200221,21/02/2020,FY2020,2020 Feb,"2020 Feb, 21"
20200222,22/02/2020,FY2020,2020 Feb,"2020 Feb, 22"
20200223,23/02/2020,FY2020,2020 Feb,"2020 Feb, 23"
20200224,24/02/2020,FY2020,2020 Feb,"2020 Feb, 24"
20200225,25/02/2020,FY2020,2020 Feb,"2020 Feb, 25"
20200226,26/02/2020,FY2020,2020 Feb,"2020 Feb, 26"
20200227,27/02/2020,FY2020,2020 Feb,"2020 Feb, 27"
20200228,28/02/2020,FY2020,2020 Feb,"2020 Feb, 28"
20200229,29/02/2020,FY2020,2020 Feb,"2020 Feb, 29"
20200301,01/03/2020,FY2020,2020 Mar,"2020 Mar, 01"
20200302,02/03/2020,FY2020,2020 Mar,"2020 Mar, 02"
20200303,03/03/2020,FY2020,2020 Mar,"2020 Mar, 03"
20200304,04/03/2020,FY2020,2020 Mar,"2020 Mar, 04"
20200305,05/03/2020,FY2020,2020 Mar,"2020 Mar, 05"
20200306,06/03/2020,FY2020,2020 Mar,"2020 Mar, 06"
20200307,07/03/2020,FY2020,2020 Mar,"2020 Mar, 07"
20200308,08/03/2020,FY2020,2020 Mar,"2020 Mar, 08"
20200309,09/03/2020,FY2020,2020 Mar,"2020 Mar, 09"
20200310,10/03/2020,FY2020,2020 Mar,"2020 Mar, 10"
20200311,11/03/2020,FY2020,2020 Mar,"2020 Mar, 11"
20200312,12/03/2020,FY2020,2020 Mar,"2020 Mar, 12"
20200313,13/03/2020,FY2020,2020 Mar,"2020 Mar, 13"
20200314,14/03/2020,FY2020,2020 Mar,"2020 Mar, 14"
20200315,15/03/2020,FY2020,2020 Mar,"2020 Mar, 15"
20200316,16/03/2020,FY2020,2020 Mar,"2020 Mar, 16"
20200317,17/03/2020,FY2020,2020 Mar,"2020 Mar, 17"
20200318,18/03/2020,FY2020,2020 Mar,"2020 Mar, 18"
20200319,19/03/2020,FY2020,2020 Mar,"2020 Mar, 19"
20200320,20/03/2020,FY2020,2020 Mar,"2020 Mar, 20"
20200321,21/03/2020,FY2020,2020 Mar,"2020 Mar, 21"
20200322,22/03/2020,FY2020,2020 Mar,"2020 Mar, 22"
20200323,23/03/2020,FY2020,2020 Mar,"2020 Mar, 23"
20200324,24/03/2020,FY2020,2020 Mar,"2020 Mar, 24"
20200325,25/03/2020,FY2020,2020 Mar,"2020 Mar, 25"
20200326,26/03/2020,FY2020,2020 Mar,"2020 Mar, 26"
20200327,27/03/2020,FY2020,2020 Mar,"2020 Mar, 27"
20200328,28/03/2020,FY2020,2020 Mar,"2020 Mar, 28"
20200329,29/03/2020,FY2020,2020 Mar,"2020 Mar, 29"
20200330,30/03/2020,FY2020,2020 Mar,"2020 Mar, 30"
20200331,31/03/2020,FY2020,2020 Mar,"2020 Mar, 31"
20200401,01/04/2020,FY2020,2020 Apr,"2020 Apr, 01"
20200402,02/04/2020,FY2020,2020 Apr,"2020 Apr, 02"
20200403,03/04/2020,FY2020,2020 Apr,"2020 Apr, 03"
20200404,04/04/2020,FY2020,2020 Apr,"2020 Apr, 04"
20200405,05/04/2020,FY2020,2020 Apr,"2020 Apr, 05"
20200406,06/04/2020,FY2020,2020 Apr,"2020 Apr, 06"
20200407,07/04/2020,FY2020,2020 Apr,"2020 Apr, 07"
20200408,08/04/2020,FY2020,2020 Apr,"2020 Apr, 08"
20200409,09/04/2020,FY2020,2020 Apr,"2020 Apr, 09"
20200410,10/04/2020,FY2020,2020 Apr,"2020 Apr, 10"
20200411,11/04/2020,FY2020,2020 Apr,"2020 Apr, 11"
20200412,12/04/2020,FY2020,2020 Apr,"2020 Apr, 12"
20200413,13/04/2020,FY2020,2020 Apr,"2020 Apr, 13"
20200414,14/04/2020,FY2020,2020 Apr,"2020 Apr, 14"
20200415,15/04/2020,FY2020,2020 Apr,"2020 Apr, 15"
20200416,16/04/2020,FY2020,2020 Apr,"2020 Apr, 16"
20200417,17/04/2020,FY2020,2020 Apr,"2020 Apr, 17"
20200418,18/04/2020,FY2020,2020 Apr,"2020 Apr, 18"
20200419,19/04/2020,FY2020,2020 Apr,"2020 Apr, 19"
20200420,20/04/2020,FY2020,2020 Apr,"2020 Apr, 20"
20200421,21/04/2020,FY2020,2020 Apr,"2020 Apr, 21"
20200422,22/04/2020,FY2020,2020 Apr,"2020 Apr, 22"
20200423,23/04/2020,FY2020,2020 Apr,"2020 Apr, 23"
20200424,24/04/2020,FY2020,2020 Apr,"2020 Apr, 24"
20200425,25/04/2020,FY2020,2020 Apr,"2020 Apr, 25"
20200426,26/04/2020,FY2020,2020 Apr,"2020 Apr, 26"
20200427,27/04/2020,FY2020,2020 Apr,"2020 Apr, 27"
20200428,28/04/2020,FY2020,2020 Apr,"2020 Apr, 28"
20200429,29/04/2020,FY2020,2020 Apr,"2020 Apr, 29"
20200430,30/04/2020,FY2020,2020 Apr,"2020 Apr, 30"
20200501,01/05/2020,FY2020,2020 May,"2020 May, 01"
20200502,02/05/2020,FY2020,2020 May,"2020 May, 02"
20200503,03/05/2020,FY2020,2020 May,"2020 May, 03"
20200504,04/05/2020,FY2020,2020 May,"2020 May, 04"
20200505,05/05/2020,FY2020,2020 May,"2020 May, 05"
20200506,06/05/2020,FY2020,2020 May,"2020 May, 06"
20200507,07/05/2020,FY2020,2020 May,"2020 May, 07"
20200508,08/05/2020,FY2020,2020 May,"2020 May, 08"
20200509,09/05/2020,FY2020,2020 May,"2020 May, 09"
20200510,10/05/2020,FY2020,2020 May,"2020 May, 10"
20200511,11/05/2020,FY2020,2020 May,"2020 May, 11"
20200512,12/05/2020,FY2020,2020 May,"2020 May, 12"
20200513,13/05/2020,FY2020,2020 May,"2020 May, 13"
20200514,14/05/2020,FY2020,2020 May,"2020 May, 14"
20200515,15/05/2020,FY2020,2020 May,"2020 May, 15"
20200516,16/05/2020,FY2020,2020 May,"2020 May, 16"
20200517,17/05/2020,FY2020,2020 May,"2020 May, 17"
20200518,18/05/2020,FY2020,2020 May,"2020 May, 18"
20200519,19/05/2020,FY2020,2020 May,"2020 May, 19"
20200520,20/05/2020,FY2020,2020 May,"2020 May, 20"
20200521,21/05/2020,FY2020,2020 May,"2020 May, 21"
20200522,22/05/2020,FY2020,2020 May,"2020 May, 22"
20200523,23/05/2020,FY2020,2020 May,"2020 May, 23"
20200524,24/05/2020,FY2020,2020 May,"2020 May, 24"
20200525,25/05/2020,FY2020,2020 May,"2020 May, 25"
20200526,26/05/2020,FY2020,2020 May,"2020 May, 26"
20200527,27/05/2020,FY2020,2020 May,"2020 May, 27"
20200528,28/05/2020,FY2020,2020 May,"2020 May, 28"
20200529,29/05/2020,FY2020,2020 May,"2020 May, 29"
20200530,30/05/2020,FY2020,2020 May,"2020 May, 30"
20200531,31/05/2020,FY2020,2020 May,"2020 May, 31"
20200601,01/06/2020,FY2020,2020 Jun,"2020 Jun, 01"
20200602,02/06/2020,FY2020,2020 Jun,"2020 Jun, 02"
20200603,03/06/2020,FY2020,2020 Jun,"2020 Jun, 03"
20200604,04/06/2020,FY2020,2020 Jun,"2020 Jun, 04"
20200605,05/06/2020,FY2020,2020 Jun,"2020 Jun, 05"
20200606,06/06/2020,FY2020,2020 Jun,"2020 Jun, 06"
20200607,07/06/2020,FY2020,2020 Jun,"2020 Jun, 07"
20200608,08/06/2020,FY2020,2020 Jun,"2020 Jun, 08"
20200609,09/06/2020,FY2020,2020 Jun,"2020 Jun, 09"
20200610,10/06/2020,FY2020,2020 Jun,"2020 Jun, 10"
20200611,11/06/2020,FY2020,2020 Jun,"2020 Jun, 11"
20200612,12/06/2020,FY2020,2020 Jun,"2020 Jun, 12"
20200613,13/06/2020,FY2020,2020 Jun,"2020 Jun, 13"
20200614,14/06/2020,FY2020,2020 Jun,"2020 Jun, 14"
20200615,15/06/2020,FY2020,2020 Jun,"2020 Jun, 15"
20200616,16/06/2020,FY2020,2020 Jun,"2020 Jun, 16"
20200617,17/06/2020,FY2020,2020 Jun,"2020 Jun, 17"
20200618,18/06/2020,FY2020,2020 Jun,"2020 Jun, 18"
20200619,19/06/2020,FY2020,2020 Jun,"2020 Jun, 19"
20200620,20/06/2020,FY2020,2020 Jun,"2020 Jun, 20"
20200621,21/06/2020,FY2020,2020 Jun,"2020 Jun, 21"
20200622,22/06/2020,FY2020,2020 Jun,"2020 Jun, 22"
20200623,23/06/2020,FY2020,2020 Jun,"2020 Jun, 23"
20200624,24/06/2020,FY2020,2020 Jun,"2020 Jun, 24"
20200625,25/06/2020,FY2020,2020 Jun,"2020 Jun, 25"
20200626,26/06/2020,FY2020,2020 Jun,"2020 Jun, 26"
20200627,27/06/2020,FY2020,2020 Jun,"2020 Jun, 27"
20200628,28/06/2020,FY2020,2020 Jun,"2020 Jun, 28"
20200629,29/06/2020,FY2020,2020 Jun,"2020 Jun, 29"
20200630,30/06/2020,FY2020,2020 Jun,"2020 Jun, 30"
20200701,01/07/2020,FY2021,2020 Jul,"2020 Jul, 01"
20200702,02/07/2020,FY2021,2020 Jul,"2020 Jul, 02"
20200703,03/07/2020,FY2021,2020 Jul,"2020 Jul, 03"
20200704,04/07/2020,FY2021,2020 Jul,"2020 Jul, 04"
20200705,05/07/2020,FY2021,2020 Jul,"2020 Jul, 05"
20200706,06/07/2020,FY2021,2020 Jul,"2020 Jul, 06"
20200707,07/07/2020,FY2021,2020 Jul,"2020 Jul, 07"
20200708,08/07/2020,FY2021,2020 Jul,"2020 Jul, 08"
20200709,09/07/2020,FY2021,2020 Jul,"2020 Jul, 09"
20200710,10/07/2020,FY2021,2020 Jul,"2020 Jul, 10"
20200711,11/07/2020,FY2021,2020 Jul,"2020 Jul, 11"
20200712,12/07/2020,FY2021,2020 Jul,"2020 Jul, 12"
20200713,13/07/2020,FY2021,2020 Jul,"2020 Jul, 13"
20200714,14/07/2020,FY2021,2020 Jul,"2020 Jul, 14"
20200715,15/07/2020,FY2021,2020 Jul,"2020 Jul, 15"
20200716,16/07/2020,FY2021,2020 Jul,"2020 Jul, 16"
20200717,17/07/2020,FY2021,2020 Jul,"2020 Jul, 17"
20200718,18/07/2020,FY2021,2020 Jul,"2020 Jul, 18"
20200719,19/07/2020,FY2021,2020 Jul,"2020 Jul, 19"
20200720,20/07/2020,FY2021,2020 Jul,"2020 Jul, 20"
20200721,21/07/2020,FY2021,2020 Jul,"2020 Jul, 21"
20200722,22/07/2020,FY2021,2020 Jul,"2020 Jul, 22"
20200723,23/07/2020,FY2021,2020 Jul,"2020 Jul, 23"
20200724,24/07/2020,FY2021,2020 Jul,"2020 Jul, 24"
20200725,25/07/2020,FY2021,2020 Jul,"2020 Jul, 25"
20200726,26/07/2020,FY2021,2020 Jul,"2020 Jul, 26"
20200727,27/07/2020,FY2021,2020 Jul,"2020 Jul, 27"
20200728,28/07/2020,FY2021,2020 Jul,"2020 Jul, 28"
20200729,29/07/2020,FY2021,2020 Jul,"2020 Jul, 29"
20200730,30/07/2020,FY2021,2020 Jul,"2020 Jul, 30"
20200731,31/07/2020,FY2021,2020 Jul,"2020 Jul, 31"
20200801,01/08/2020,FY2021,2020 Aug,"2020 Aug, 01"
20200802,02/08/2020,FY2021,2020 Aug,"2020 Aug, 02"
20200803,03/08/2020,FY2021,2020 Aug,"2020 Aug, 03"
20200804,04/08/2020,FY2021,2020 Aug,"2020 Aug, 04"
20200805,05/08/2020,FY2021,2020 Aug,"2020 Aug, 05"
20200806,06/08/2020,FY2021,2020 Aug,"2020 Aug, 06"
20200807,07/08/2020,FY2021,2020 Aug,"2020 Aug, 07"
20200808,08/08/2020,FY2021,2020 Aug,"2020 Aug, 08"
20200809,09/08/2020,FY2021,2020 Aug,"2020 Aug, 09"
20200810,10/08/2020,FY2021,2020 Aug,"2020 Aug, 10"
20200811,11/08/2020,FY2021,2020 Aug,"2020 Aug, 11"
20200812,12/08/2020,FY2021,2020 Aug,"2020 Aug, 12"
20200813,13/08/2020,FY2021,2020 Aug,"2020 Aug, 13"
20200814,14/08/2020,FY2021,2020 Aug,"2020 Aug, 14"
20200815,15/08/2020,FY2021,2020 Aug,"2020 Aug, 15"
20200816,16/08/2020,FY2021,2020 Aug,"2020 Aug, 16"
20200817,17/08/2020,FY2021,2020 Aug,"2020 Aug, 17"
20200818,18/08/2020,FY2021,2020 Aug,"2020 Aug, 18"
20200819,19/08/2020,FY2021,2020 Aug,"2020 Aug, 19"
20200820,20/08/2020,FY2021,2020 Aug,"2020 Aug, 20"
20200821,21/08/2020,FY2021,2020 Aug,"2020 Aug, 21"
20200822,22/08/2020,FY2021,2020 Aug,"2020 Aug, 22"
20200823,23/08/2020,FY2021,2020 Aug,"2020 Aug, 23"
20200824,24/08/2020,FY2021,2020 Aug,"2020 Aug, 24"
20200825,25/08/2020,FY2021,2020 Aug,"2020 Aug, 25"
20200826,26/08/2020,FY2021,2020 Aug,"2020 Aug, 26"
20200827,27/08/2020,FY2021,2020 Aug,"2020 Aug, 27"
20200828,28/08/2020,FY2021,2020 Aug,"2020 Aug, 28"
20200829,29/08/2020,FY2021,2020 Aug,"2020 Aug, 29"
20200830,30/08/2020,FY2021,2020 Aug,"2020 Aug, 30"
20200831,31/08/2020,FY2021,2020 Aug,"2020 Aug, 31"
20200901,01/09/2020,FY2021,2020 Sep,"2020 Sep, 01"
20200902,02/09/2020,FY2021,2020 Sep,"2020 Sep, 02"
20200903,03/09/2020,FY2021,2020 Sep,"2020 Sep, 03"
20200904,04/09/2020,FY2021,2020 Sep,"2020 Sep, 04"
20200905,05/09/2020,FY2021,2020 Sep,"2020 Sep, 05"
20200906,06/09/2020,FY2021,2020 Sep,"2020 Sep, 06"
20200907,07/09/2020,FY2021,2020 Sep,"2020 Sep, 07"
20200908,08/09/2020,FY2021,2020 Sep,"2020 Sep, 08"
20200909,09/09/2020,FY2021,2020 Sep,"2020 Sep, 09"
20200910,10/09/2020,FY2021,2020 Sep,"2020 Sep, 10"
20200911,11/09/2020,FY2021,2020 Sep,"2020 Sep, 11"
20200912,12/09/2020,FY2021,2020 Sep,"2020 Sep, 12"
20200913,13/09/2020,FY2021,2020 Sep,"2020 Sep, 13"
20200914,14/09/2020,FY2021,2020 Sep,"2020 Sep, 14"
20200915,15/09/2020,FY2021,2020 Sep,"2020 Sep, 15"
20200916,16/09/2020,FY2021,2020 Sep,"2020 Sep, 16"
20200917,17/09/2020,FY2021,2020 Sep,"2020 Sep, 17"
20200918,18/09/2020,FY2021,2020 Sep,"2020 Sep, 18"
20200919,19/09/2020,FY2021,2020 Sep,"2020 Sep, 19"
20200920,20/09/2020,FY2021,2020 Sep,"2020 Sep, 20"
20200921,21/09/2020,FY2021,2020 Sep,"2020 Sep, 21"
20200922,22/09/2020,FY2021,2020 Sep,"2020 Sep, 22"
20200923,23/09/2020,FY2021,2020 Sep,"2020 Sep, 23"
20200924,24/09/2020,FY2021,2020 Sep,"2020 Sep, 24"
20200925,25/09/2020,FY2021,2020 Sep,"2020 Sep, 25"
20200926,26/09/2020,FY2021,2020 Sep,"2020 Sep, 26"
20200927,27/09/2020,FY2021,2020 Sep,"2020 Sep, 27"
20200928,28/09/2020,FY2021,2020 Sep,"2020 Sep, 28"
20200929,29/09/2020,FY2021,2020 Sep,"2020 Sep, 29"
20200930,30/09/2020,FY2021,2020 Sep,"2020 Sep, 30"
20201001,01/10/2020,FY2021,2020 Oct,"2020 Oct, 01"
20201002,02/10/2020,FY2021,2020 Oct,"2020 Oct, 02"
20201003,03/10/2020,FY2021,2020 Oct,"2020 Oct, 03"
20201004,04/10/2020,FY2021,2020 Oct,"2020 Oct, 04"
20201005,05/10/2020,FY2021,2020 Oct,"2020 Oct, 05"
20201006,06/10/2020,FY2021,2020 Oct,"2020 Oct, 06"
20201007,07/10/2020,FY2021,2020 Oct,"2020 Oct, 07"
20201008,08/10/2020,FY2021,2020 Oct,"2020 Oct, 08"
20201009,09/10/2020,FY2021,2020 Oct,"2020 Oct, 09"
20201010,10/10/2020,FY2021,2020 Oct,"2020 Oct, 10"
20201011,11/10/2020,FY2021,2020 Oct,"2020 Oct, 11"
20201012,12/10/2020,FY2021,2020 Oct,"2020 Oct, 12"
20201013,13/10/2020,FY2021,2020 Oct,"2020 Oct, 13"
20201014,14/10/2020,FY2021,2020 Oct,"2020 Oct, 14"
20201015,15/10/2020,FY2021,2020 Oct,"2020 Oct, 15"
20201016,16/10/2020,FY2021,2020 Oct,"2020 Oct, 16"
20201017,17/10/2020,FY2021,2020 Oct,"2020 Oct, 17"
20201018,18/10/2020,FY2021,2020 Oct,"2020 Oct, 18"
20201019,19/10/2020,FY2021,2020 Oct,"2020 Oct, 19"
20201020,20/10/2020,FY2021,2020 Oct,"2020 Oct, 20"
20201021,21/10/2020,FY2021,2020 Oct,"2020 Oct, 21"
20201022,22/10/2020,FY2021,2020 Oct,"2020 Oct, 22"
20201023,23/10/2020,FY2021,2020 Oct,"2020 Oct, 23"
20201024,24/10/2020,FY2021,2020 Oct,"2020 Oct, 24"
20201025,25/10/2020,FY2021,2020 Oct,"2020 Oct, 25"
20201026,26/10/2020,FY2021,2020 Oct,"2020 Oct, 26"
20201027,27/10/2020,FY2021,2020 Oct,"2020 Oct, 27"
20201028,28/10/2020,FY2021,2020 Oct,"2020 Oct, 28"
20201029,29/10/2020,FY2021,2020 Oct,"2020 Oct, 29"
20201030,30/10/2020,FY2021,2020 Oct,"2020 Oct, 30"
20201031,31/10/2020,FY2021,2020 Oct,"2020 Oct, 31"
20201101,01/11/2020,FY2021,2020 Nov,"2020 Nov, 01"
20201102,02/11/2020,FY2021,2020 Nov,"2020 Nov, 02"
20201103,03/11/2020,FY2021,2020 Nov,"2020 Nov, 03"
20201104,04/11/2020,FY2021,2020 Nov,"2020 Nov, 04"
20201105,05/11/2020,FY2021,2020 Nov,"2020 Nov, 05"
20201106,06/11/2020,FY2021,2020 Nov,"2020 Nov, 06"
20201107,07/11/2020,FY2021,2020 Nov,"2020 Nov, 07"
20201108,08/11/2020,FY2021,2020 Nov,"2020 Nov, 08"
20201109,09/11/2020,FY2021,2020 Nov,"2020 Nov, 09"
20201110,10/11/2020,FY2021,2020 Nov,"2020 Nov, 10"
20201111,11/11/2020,FY2021,2020 Nov,"2020 Nov, 11"
20201112,12/11/2020,FY2021,2020 Nov,"2020 Nov, 12"
20201113,13/11/2020,FY2021,2020 Nov,"2020 Nov, 13"
20201114,14/11/2020,FY2021,2020 Nov,"2020 Nov, 14"
20201115,15/11/2020,FY2021,2020 Nov,"2020 Nov, 15"
20201116,16/11/2020,FY2021,2020 Nov,"2020 Nov, 16"
20201117,17/11/2020,FY2021,2020 Nov,"2020 Nov, 17"
20201118,18/11/2020,FY2021,2020 Nov,"2020 Nov, 18"
20201119,19/11/2020,FY2021,2020 Nov,"2020 Nov, 19"
20201120,20/11/2020,FY2021,2020 Nov,"2020 Nov, 20"
20201121,21/11/2020,FY2021,2020 Nov,"2020 Nov, 21"
20201122,22/11/2020,FY2021,2020 Nov,"2020 Nov, 22"
20201123,23/11/2020,FY2021,2020 Nov,"2020 Nov, 23"
20201124,24/11/2020,FY2021,2020 Nov,"2020 Nov, 24"
20201125,25/11/2020,FY2021,2020 Nov,"2020 Nov, 25"
20201126,26/11/2020,FY2021,2020 Nov,"2020 Nov, 26"
20201127,27/11/2020,FY2021,2020 Nov,"2020 Nov, 27"
20201128,28/11/2020,FY2021,2020 Nov,"2020 Nov, 28"
20201129,29/11/2020,FY2021,2020 Nov,"2020 Nov, 29"
20201130,30/11/2020,FY2021,2020 Nov,"2020 Nov, 30"
20201201,01/12/2020,FY2021,2020 Dec,"2020 Dec, 01"
20201202,02/12/2020,FY2021,2020 Dec,"2020 Dec, 02"
20201203,03/12/2020,FY2021,2020 Dec,"2020 Dec, 03"
20201204,04/12/2020,FY2021,2020 Dec,"2020 Dec, 04"
20201205,05/12/2020,FY2021,2020 Dec,"2020 Dec, 05"
20201206,06/12/2020,FY2021,2020 Dec,"2020 Dec, 06"
20201207,07/12/2020,FY2021,2020 Dec,"2020 Dec, 07"
20201208,08/12/2020,FY2021,2020 Dec,"2020 Dec, 08"
20201209,09/12/2020,FY2021,2020 Dec,"2020 Dec, 09"
20201210,10/12/2020,FY2021,2020 Dec,"2020 Dec, 10"
20201211,11/12/2020,FY2021,2020 Dec,"2020 Dec, 11"
20201212,12/12/2020,FY2021,2020 Dec,"2020 Dec, 12"
20201213,13/12/2020,FY2021,2020 Dec,"2020 Dec, 13"
20201214,14/12/2020,FY2021,2020 Dec,"2020 Dec, 14"
20201215,15/12/2020,FY2021,2020 Dec,"2020 Dec, 15"
20201216,16/12/2020,FY2021,2020 Dec,"2020 Dec, 16"
20201217,17/12/2020,FY2021,2020 Dec,"2020 Dec, 17"
20201218,18/12/2020,FY2021,2020 Dec,"2020 Dec, 18"
20201219,19/12/2020,FY2021,2020 Dec,"2020 Dec, 19"
20201220,20/12/2020,FY2021,2020 Dec,"2020 Dec, 20"
20201221,21/12/2020,FY2021,2020 Dec,"2020 Dec, 21"
20201222,22/12/2020,FY2021,2020 Dec,"2020 Dec, 22"
20201223,23/12/2020,FY2021,2020 Dec,"2020 Dec, 23"
20201224,24/12/2020,FY2021,2020 Dec,"2020 Dec, 24"
20201225,25/12/2020,FY2021,2020 Dec,"2020 Dec, 25"
20201226,26/12/2020,FY2021,2020 Dec,"2020 Dec, 26"
20201227,27/12/2020,FY2021,2020 Dec,"2020 Dec, 27"
20201228,28/12/2020,FY2021,2020 Dec,"2020 Dec, 28"
20201229,29/12/2020,FY2021,2020 Dec,"2020 Dec, 29"
20201230,30/12/2020,FY2021,2020 Dec,"2020 Dec, 30"
20201231,31/12/2020,FY2021,2020 Dec,"2020 Dec, 31"
20210101,01/01/2021,FY2021,2021 Jan,"2021 Jan, 01"
20210102,02/01/2021,FY2021,2021 Jan,"2021 Jan, 02"
20210103,03/01/2021,FY2021,2021 Jan,"2021 Jan, 03"
20210104,04/01/2021,FY2021,2021 Jan,"2021 Jan, 04"
20210105,05/01/2021,FY2021,2021 Jan,"2021 Jan, 05"
20210106,06/01/2021,FY2021,2021 Jan,"2021 Jan, 06"
20210107,07/01/2021,FY2021,2021 Jan,"2021 Jan, 07"
20210108,08/01/2021,FY2021,2021 Jan,"2021 Jan, 08"
20210109,09/01/2021,FY2021,2021 Jan,"2021 Jan, 09"
20210110,10/01/2021,FY2021,2021 Jan,"2021 Jan, 10"
20210111,11/01/2021,FY2021,2021 Jan,"2021 Jan, 11"
20210112,12/01/2021,FY2021,2021 Jan,"2021 Jan, 12"
20210113,13/01/2021,FY2021,2021 Jan,"2021 Jan, 13"
20210114,14/01/2021,FY2021,2021 Jan,"2021 Jan, 14"
20210115,15/01/2021,FY2021,2021 Jan,"2021 Jan, 15"
20210116,16/01/2021,FY2021,2021 Jan,"2021 Jan, 16"
20210117,17/01/2021,FY2021,2021 Jan,"2021 Jan, 17"
20210118,18/01/2021,FY2021,2021 Jan,"2021 Jan, 18"
20210119,19/01/2021,FY2021,2021 Jan,"2021 Jan, 19"
20210120,20/01/2021,FY2021,2021 Jan,"2021 Jan, 20"
20210121,21/01/2021,FY2021,2021 Jan,"2021 Jan, 21"
20210122,22/01/2021,FY2021,2021 Jan,"2021 Jan, 22"
20210123,23/01/2021,FY2021,2021 Jan,"2021 Jan, 23"
20210124,24/01/2021,FY2021,2021 Jan,"2021 Jan, 24"
20210125,25/01/2021,FY2021,2021 Jan,"2021 Jan, 25"
20210126,26/01/2021,FY2021,2021 Jan,"2021 Jan, 26"
20210127,27/01/2021,FY2021,2021 Jan,"2021 Jan, 27"
20210128,28/01/2021,FY2021,2021 Jan,"2021 Jan, 28"
20210129,29/01/2021,FY2021,2021 Jan,"2021 Jan, 29"
20210130,30/01/2021,FY2021,2021 Jan,"2021 Jan, 30"
20210131,31/01/2021,FY2021,2021 Jan,"2021 Jan, 31"
20210201,01/02/2021,FY2021,2021 Feb,"2021 Feb, 01"
20210202,02/02/2021,FY2021,2021 Feb,"2021 Feb, 02"
20210203,03/02/2021,FY2021,2021 Feb,"2021 Feb, 03"
20210204,04/02/2021,FY2021,2021 Feb,"2021 Feb, 04"
20210205,05/02/2021,FY2021,2021 Feb,"2021 Feb, 05"
20210206,06/02/2021,FY2021,2021 Feb,"2021 Feb, 06"
20210207,07/02/2021,FY2021,2021 Feb,"2021 Feb, 07"
20210208,08/02/2021,FY2021,2021 Feb,"2021 Feb, 08"
20210209,09/02/2021,FY2021,2021 Feb,"2021 Feb, 09"
20210210,10/02/2021,FY2021,2021 Feb,"2021 Feb, 10"
20210211,11/02/2021,FY2021,2021 Feb,"2021 Feb, 11"
20210212,12/02/2021,FY2021,2021 Feb,"2021 Feb, 12"
20210213,13/02/2021,FY2021,2021 Feb,"2021 Feb, 13"
20210214,14/02/2021,FY2021,2021 Feb,"2021 Feb, 14"
20210215,15/02/2021,FY2021,2021 Feb,"2021 Feb, 15"
20210216,16/02/2021,FY2021,2021 Feb,"2021 Feb, 16"
20210217,17/02/2021,FY2021,2021 Feb,"2021 Feb, 17"
20210218,18/02/2021,FY2021,2021 Feb,"2021 Feb, 18"
20210219,19/02/2021,FY2021,2021 Feb,"2021 Feb, 19"
20210220,20/02/2021,FY2021,2021 Feb,"2021 Feb, 20"
20210221,21/02/2021,FY2021,2021 Feb,"2021 Feb, 21"
20210222,22/02/2021,FY2021,2021 Feb,"2021 Feb, 22"
20210223,23/02/2021,FY2021,2021 Feb,"2021 Feb, 23"
20210224,24/02/2021,FY2021,2021 Feb,"2021 Feb, 24"
20210225,25/02/2021,FY2021,2021 Feb,"2021 Feb, 25"
20210226,26/02/2021,FY2021,2021 Feb,"2021 Feb, 26"
20210227,27/02/2021,FY2021,2021 Feb,"2021 Feb, 27"
20210228,28/02/2021,FY2021,2021 Feb,"2021 Feb, 28"
20210301,01/03/2021,FY2021,2021 Mar,"2021 Mar, 01"
20210302,02/03/2021,FY2021,2021 Mar,"2021 Mar, 02"
20210303,03/03/2021,FY2021,2021 Mar,"2021 Mar, 03"
20210304,04/03/2021,FY2021,2021 Mar,"2021 Mar, 04"
20210305,05/03/2021,FY2021,2021 Mar,"2021 Mar, 05"
20210306,06/03/2021,FY2021,2021 Mar,"2021 Mar, 06"
20210307,07/03/2021,FY2021,2021 Mar,"2021 Mar, 07"
20210308,08/03/2021,FY2021,2021 Mar,"2021 Mar, 08"
20210309,09/03/2021,FY2021,2021 Mar,"2021 Mar, 09"
20210310,10/03/2021,FY2021,2021 Mar,"2021 Mar, 10"
20210311,11/03/2021,FY2021,2021 Mar,"2021 Mar, 11"
20210312,12/03/2021,FY2021,2021 Mar,"2021 Mar, 12"
20210313,13/03/2021,FY2021,2021 Mar,"2021 Mar, 13"
20210314,14/03/2021,FY2021,2021 Mar,"2021 Mar, 14"
20210315,15/03/2021,FY2021,2021 Mar,"2021 Mar, 15"
20210316,16/03/2021,FY2021,2021 Mar,"2021 Mar, 16"
20210317,17/03/2021,FY2021,2021 Mar,"2021 Mar, 17"
20210318,18/03/2021,FY2021,2021 Mar,"2021 Mar, 18"
20210319,19/03/2021,FY2021,2021 Mar,"2021 Mar, 19"
20210320,20/03/2021,FY2021,2021 Mar,"2021 Mar, 20"
20210321,21/03/2021,FY2021,2021 Mar,"2021 Mar, 21"
20210322,22/03/2021,FY2021,2021 Mar,"2021 Mar, 22"
20210323,23/03/2021,FY2021,2021 Mar,"2021 Mar, 23"
20210324,24/03/2021,FY2021,2021 Mar,"2021 Mar, 24"
20210325,25/03/2021,FY2021,2021 Mar,"2021 Mar, 25"
20210326,26/03/2021,FY2021,2021 Mar,"2021 Mar, 26"
20210327,27/03/2021,FY2021,2021 Mar,"2021 Mar, 27"
20210328,28/03/2021,FY2021,2021 Mar,"2021 Mar, 28"
20210329,29/03/2021,FY2021,2021 Mar,"2021 Mar, 29"
20210330,30/03/2021,FY2021,2021 Mar,"2021 Mar, 30"
20210331,31/03/2021,FY2021,2021 Mar,"2021 Mar, 31"
20210401,01/04/2021,FY2021,2021 Apr,"2021 Apr, 01"
20210402,02/04/2021,FY2021,2021 Apr,"2021 Apr, 02"
20210403,03/04/2021,FY2021,2021 Apr,"2021 Apr, 03"
20210404,04/04/2021,FY2021,2021 Apr,"2021 Apr, 04"
20210405,05/04/2021,FY2021,2021 Apr,"2021 Apr, 05"
20210406,06/04/2021,FY2021,2021 Apr,"2021 Apr, 06"
20210407,07/04/2021,FY2021,2021 Apr,"2021 Apr, 07"
20210408,08/04/2021,FY2021,2021 Apr,"2021 Apr, 08"
20210409,09/04/2021,FY2021,2021 Apr,"2021 Apr, 09"
20210410,10/04/2021,FY2021,2021 Apr,"2021 Apr, 10"
20210411,11/04/2021,FY2021,2021 Apr,"2021 Apr, 11"
20210412,12/04/2021,FY2021,2021 Apr,"2021 Apr, 12"
20210413,13/04/2021,FY2021,2021 Apr,"2021 Apr, 13"
20210414,14/04/2021,FY2021,2021 Apr,"2021 Apr, 14"
20210415,15/04/2021,FY2021,2021 Apr,"2021 Apr, 15"
20210416,16/04/2021,FY2021,2021 Apr,"2021 Apr, 16"
20210417,17/04/2021,FY2021,2021 Apr,"2021 Apr, 17"
20210418,18/04/2021,FY2021,2021 Apr,"2021 Apr, 18"
20210419,19/04/2021,FY2021,2021 Apr,"2021 Apr, 19"
20210420,20/04/2021,FY2021,2021 Apr,"2021 Apr, 20"
20210421,21/04/2021,FY2021,2021 Apr,"2021 Apr, 21"
20210422,22/04/2021,FY2021,2021 Apr,"2021 Apr, 22"
20210423,23/04/2021,FY2021,2021 Apr,"2021 Apr, 23"
20210424,24/04/2021,FY2021,2021 Apr,"2021 Apr, 24"
20210425,25/04/2021,FY2021,2021 Apr,"2021 Apr, 25"
20210426,26/04/2021,FY2021,2021 Apr,"2021 Apr, 26"
20210427,27/04/2021,FY2021,2021 Apr,"2021 Apr, 27"
20210428,28/04/2021,FY2021,2021 Apr,"2021 Apr, 28"
20210429,29/04/2021,FY2021,2021 Apr,"2021 Apr, 29"
20210430,30/04/2021,FY2021,2021 Apr,"2021 Apr, 30"
20210501,01/05/2021,FY2021,2021 May,"2021 May, 01"
20210502,02/05/2021,FY2021,2021 May,"2021 May, 02"
20210503,03/05/2021,FY2021,2021 May,"2021 May, 03"
20210504,04/05/2021,FY2021,2021 May,"2021 May, 04"
20210505,05/05/2021,FY2021,2021 May,"2021 May, 05"
20210506,06/05/2021,FY2021,2021 May,"2021 May, 06"
20210507,07/05/2021,FY2021,2021 May,"2021 May, 07"
20210508,08/05/2021,FY2021,2021 May,"2021 May, 08"
20210509,09/05/2021,FY2021,2021 May,"2021 May, 09"
20210510,10/05/2021,FY2021,2021 May,"2021 May, 10"
20210511,11/05/2021,FY2021,2021 May,"2021 May, 11"
20210512,12/05/2021,FY2021,2021 May,"2021 May, 12"
20210513,13/05/2021,FY2021,2021 May,"2021 May, 13"
20210514,14/05/2021,FY2021,2021 May,"2021 May, 14"
20210515,15/05/2021,FY2021,2021 May,"2021 May, 15"
20210516,16/05/2021,FY2021,2021 May,"2021 May, 16"
20210517,17/05/2021,FY2021,2021 May,"2021 May, 17"
20210518,18/05/2021,FY2021,2021 May,"2021 May, 18"
20210519,19/05/2021,FY2021,2021 May,"2021 May, 19"
20210520,20/05/2021,FY2021,2021 May,"2021 May, 20"
20210521,21/05/2021,FY2021,2021 May,"2021 May, 21"
20210522,22/05/2021,FY2021,2021 May,"2021 May, 22"
20210523,23/05/2021,FY2021,2021 May,"2021 May, 23"
20210524,24/05/2021,FY2021,2021 May,"2021 May, 24"
20210525,25/05/2021,FY2021,2021 May,"2021 May, 25"
20210526,26/05/2021,FY2021,2021 May,"2021 May, 26"
20210527,27/05/2021,FY2021,2021 May,"2021 May, 27"
20210528,28/05/2021,FY2021,2021 May,"2021 May, 28"
20210529,29/05/2021,FY2021,2021 May,"2021 May, 29"
20210530,30/05/2021,FY2021,2021 May,"2021 May, 30"
20210531,31/05/2021,FY2021,2021 May,"2021 May, 31"
20210601,01/06/2021,FY2021,2021 Jun,"2021 Jun, 01"
20210602,02/06/2021,FY2021,2021 Jun,"2021 Jun, 02"
20210603,03/06/2021,FY2021,2021 Jun,"2021 Jun, 03"
20210604,04/06/2021,FY2021,2021 Jun,"2021 Jun, 04"
20210605,05/06/2021,FY2021,2021 Jun,"2021 Jun, 05"
20210606,06/06/2021,FY2021,2021 Jun,"2021 Jun, 06"
20210607,07/06/2021,FY2021,2021 Jun,"2021 Jun, 07"
20210608,08/06/2021,FY2021,2021 Jun,"2021 Jun, 08"
20210609,09/06/2021,FY2021,2021 Jun,"2021 Jun, 09"
20210610,10/06/2021,FY2021,2021 Jun,"2021 Jun, 10"
20210611,11/06/2021,FY2021,2021 Jun,"2021 Jun, 11"
20210612,12/06/2021,FY2021,2021 Jun,"2021 Jun, 12"
20210613,13/06/2021,FY2021,2021 Jun,"2021 Jun, 13"
20210614,14/06/2021,FY2021,2021 Jun,"2021 Jun, 14"
20210615,15/06/2021,FY2021,2021 Jun,"2021 Jun, 15"
20210616,16/06/2021,FY2021,2021 Jun,"2021 Jun, 16"
20210617,17/06/2021,FY2021,2021 Jun,"2021 Jun, 17"
20210618,18/06/2021,FY2021,2021 Jun,"2021 Jun, 18"
20210619,19/06/2021,FY2021,2021 Jun,"2021 Jun, 19"
20210620,20/06/2021,FY2021,2021 Jun,"2021 Jun, 20"
20210621,21/06/2021,FY2021,2021 Jun,"2021 Jun, 21"
20210622,22/06/2021,FY2021,2021 Jun,"2021 Jun, 22"
20210623,23/06/2021,FY2021,2021 Jun,"2021 Jun, 23"
20210624,24/06/2021,FY2021,2021 Jun,"2021 Jun, 24"
20210625,25/06/2021,FY2021,2021 Jun,"2021 Jun, 25"
20210626,26/06/2021,FY2021,2021 Jun,"2021 Jun, 26"
20210627,27/06/2021,FY2021,2021 Jun,"2021 Jun, 27"
20210628,28/06/2021,FY2021,2021 Jun,"2021 Jun, 28"
20210629,29/06/2021,FY2021,2021 Jun,"2021 Jun, 29"
20210630,30/06/2021,FY2021,2021 Jun,"2021 Jun, 30"
